,tourney_id,tourney_name,surface,draw_size,tourney_level,tourney_date,match_num,winner_id,winner_seed,winner_entry,winner_name,winner_hand,winner_ht,winner_ioc,winner_age,winner_rank,winner_rank_points,loser_id,loser_seed,loser_entry,loser_name,loser_hand,loser_ht,loser_ioc,loser_age,loser_rank,loser_rank_points,score,best_of,round,minutes,w_ace,w_df,w_svpt,w_1stIn,w_1stWon,w_2ndWon,w_SvGms,w_bpSaved,w_bpFaced,l_ace,l_df,l_svpt,l_1stIn,l_1stWon,l_2ndWon,l_SvGms,l_bpSaved,l_bpFaced
0,2017-M020,Brisbane,Hard,32,A,20170102,300,105777,7.0,,Grigor Dimitrov,R,188.0,BUL,25.6344969199,17.0,2035.0,105453,3.0,,Kei Nishikori,R,178.0,JPN,27.0116358658,5.0,4905.0,6-2 2-6 6-3,3,F,108.0,7.0,2.0,77.0,52.0,41.0,12.0,13.0,5.0,7.0,4.0,0.0,69.0,49.0,36.0,9.0,12.0,2.0,5.0
1,2017-M020,Brisbane,Hard,32,A,20170102,299,105777,7.0,,Grigor Dimitrov,R,188.0,BUL,25.6344969199,17.0,2035.0,105683,1.0,,Milos Raonic,R,196.0,CAN,26.0177960301,3.0,5450.0,7-6(7) 6-2,3,SF,87.0,4.0,1.0,58.0,36.0,27.0,18.0,10.0,0.0,0.0,4.0,3.0,61.0,28.0,24.0,16.0,10.0,2.0,4.0
2,2017-M020,Brisbane,Hard,32,A,20170102,298,105453,3.0,,Kei Nishikori,R,178.0,JPN,27.0116358658,5.0,4905.0,104527,2.0,,Stanislas Wawrinka,R,183.0,SUI,31.7672826831,4.0,5315.0,7-6(3) 6-3,3,SF,101.0,1.0,1.0,77.0,56.0,37.0,14.0,11.0,4.0,5.0,9.0,2.0,61.0,37.0,27.0,10.0,10.0,0.0,2.0
3,2017-M020,Brisbane,Hard,32,A,20170102,297,105683,1.0,,Milos Raonic,R,196.0,CAN,26.0177960301,3.0,5450.0,104745,5.0,,Rafael Nadal,L,185.0,ESP,30.584531143099998,9.0,3300.0,4-6 6-3 6-4,3,QF,140.0,23.0,3.0,97.0,62.0,50.0,16.0,15.0,6.0,7.0,4.0,0.0,84.0,61.0,39.0,14.0,14.0,2.0,4.0
4,2017-M020,Brisbane,Hard,32,A,20170102,296,105777,7.0,,Grigor Dimitrov,R,188.0,BUL,25.6344969199,17.0,2035.0,106233,4.0,,Dominic Thiem,R,,AUT,23.3319644079,8.0,3415.0,6-3 4-6 6-3,3,QF,124.0,3.0,3.0,94.0,52.0,42.0,23.0,14.0,13.0,14.0,6.0,5.0,82.0,37.0,29.0,24.0,14.0,4.0,7.0
5,2017-M020,Brisbane,Hard,32,A,20170102,295,105453,3.0,,Kei Nishikori,R,178.0,JPN,27.0116358658,5.0,4905.0,111442,,WC,Jordan Thompson,R,,AUS,22.7049965777,79.0,689.0,6-1 6-1,3,QF,61.0,3.0,0.0,34.0,19.0,18.0,10.0,7.0,0.0,0.0,1.0,2.0,47.0,28.0,15.0,5.0,7.0,3.0,8.0
6,2017-M020,Brisbane,Hard,32,A,20170102,294,104527,2.0,,Stanislas Wawrinka,R,183.0,SUI,31.7672826831,4.0,5315.0,106378,,,Kyle Edmund,R,,GBR,21.9849418207,45.0,1001.0,6-7(2) 6-4 6-4,3,QF,156.0,11.0,3.0,119.0,67.0,47.0,28.0,16.0,11.0,13.0,2.0,2.0,97.0,65.0,52.0,11.0,16.0,6.0,10.0
7,2017-M020,Brisbane,Hard,32,A,20170102,293,105683,1.0,,Milos Raonic,R,196.0,CAN,26.0177960301,3.0,5450.0,106043,,,Diego Sebastian Schwartzman,R,,ARG,24.3805612594,52.0,864.0,6-3 6-2,3,R16,69.0,12.0,1.0,53.0,40.0,30.0,7.0,9.0,2.0,3.0,0.0,1.0,44.0,29.0,17.0,6.0,8.0,2.0,6.0
8,2017-M020,Brisbane,Hard,32,A,20170102,292,104745,5.0,,Rafael Nadal,L,185.0,ESP,30.584531143099998,9.0,3300.0,104999,,,Mischa Zverev,L,190.0,GER,29.366187542800002,51.0,874.0,6-1 6-1,3,R16,55.0,1.0,2.0,38.0,18.0,15.0,15.0,7.0,2.0,2.0,2.0,2.0,38.0,25.0,13.0,3.0,7.0,3.0,8.0
9,2017-M020,Brisbane,Hard,32,A,20170102,291,106233,4.0,,Dominic Thiem,R,,AUT,23.3319644079,8.0,3415.0,105032,,WC,Samuel Groth,R,,AUS,29.2073921971,180.0,320.0,7-6(5) 6-3,3,R16,89.0,11.0,1.0,65.0,44.0,36.0,15.0,11.0,4.0,4.0,11.0,1.0,58.0,35.0,34.0,9.0,10.0,3.0,4.0
10,2017-M020,Brisbane,Hard,32,A,20170102,290,105777,7.0,,Grigor Dimitrov,R,188.0,BUL,25.6344969199,17.0,2035.0,103917,,,Nicolas Mahut,R,190.0,FRA,34.948665297699996,39.0,1102.0,6-2 6-4,3,R16,65.0,8.0,0.0,46.0,27.0,25.0,12.0,9.0,3.0,3.0,4.0,3.0,52.0,37.0,27.0,4.0,9.0,0.0,3.0
11,2017-M020,Brisbane,Hard,32,A,20170102,289,111442,,WC,Jordan Thompson,R,,AUS,22.7049965777,79.0,689.0,103970,8.0,,David Ferrer,R,175.0,ESP,34.7542778919,21.0,1785.0,4-6 7-5 7-5,3,R16,158.0,5.0,2.0,103.0,65.0,49.0,18.0,17.0,4.0,7.0,2.0,4.0,103.0,64.0,42.0,23.0,17.0,5.0,9.0
12,2017-M020,Brisbane,Hard,32,A,20170102,288,105453,3.0,,Kei Nishikori,R,178.0,JPN,27.0116358658,5.0,4905.0,111577,,Q,Jared Donaldson,R,,USA,20.2327173169,105.0,570.0,4-6 6-4 6-3,3,R16,143.0,3.0,3.0,107.0,66.0,47.0,18.0,15.0,4.0,8.0,6.0,4.0,95.0,54.0,32.0,20.0,14.0,8.0,13.0
13,2017-M020,Brisbane,Hard,32,A,20170102,287,106378,,,Kyle Edmund,R,,GBR,21.9849418207,45.0,1001.0,106298,6.0,,Lucas Pouille,R,,FRA,22.8583162218,15.0,2156.0,6-3 3-1 RET,3,R16,59.0,6.0,1.0,44.0,27.0,22.0,11.0,7.0,4.0,4.0,3.0,2.0,34.0,18.0,15.0,6.0,6.0,3.0,5.0
14,2017-M020,Brisbane,Hard,32,A,20170102,286,104527,2.0,,Stanislas Wawrinka,R,183.0,SUI,31.7672826831,4.0,5315.0,104678,,,Viktor Troicki,R,193.0,SRB,30.893908281999998,29.0,1385.0,7-6(5) 6-4,3,R16,89.0,7.0,2.0,64.0,41.0,33.0,15.0,11.0,0.0,1.0,5.0,7.0,71.0,46.0,39.0,8.0,11.0,3.0,5.0
15,2017-M020,Brisbane,Hard,32,A,20170102,284,106043,,,Diego Sebastian Schwartzman,R,,ARG,24.3805612594,52.0,864.0,105023,,,Sam Querrey,R,198.0,USA,29.240246406599997,31.0,1355.0,6-2 6-4,3,R32,58.0,2.0,0.0,47.0,29.0,21.0,11.0,9.0,0.0,2.0,3.0,7.0,50.0,25.0,15.0,9.0,9.0,4.0,9.0
16,2017-M020,Brisbane,Hard,32,A,20170102,283,104999,,,Mischa Zverev,L,190.0,GER,29.366187542800002,51.0,874.0,200282,,Q,Alex De Minaur,R,,AUS,17.8754277892,351.0,132.0,6-3 6-3,3,R32,67.0,3.0,3.0,57.0,42.0,30.0,9.0,9.0,2.0,2.0,2.0,4.0,46.0,26.0,14.0,12.0,9.0,0.0,3.0
17,2017-M020,Brisbane,Hard,32,A,20170102,282,104745,5.0,,Rafael Nadal,L,185.0,ESP,30.584531143099998,9.0,3300.0,105238,,,Alexandr Dolgopolov,R,180.0,UKR,28.153319644099998,62.0,760.0,6-3 6-3,3,R32,74.0,2.0,1.0,52.0,36.0,26.0,10.0,9.0,2.0,3.0,2.0,2.0,53.0,28.0,20.0,7.0,9.0,0.0,4.0
18,2017-M020,Brisbane,Hard,32,A,20170102,280,105032,,WC,Samuel Groth,R,,AUS,29.2073921971,180.0,320.0,105732,,,Pierre Hugues Herbert,R,,FRA,25.796030116399997,78.0,698.0,6-3 5-7 7-5,3,R32,130.0,20.0,5.0,106.0,59.0,45.0,28.0,17.0,8.0,10.0,9.0,5.0,87.0,48.0,33.0,24.0,16.0,4.0,7.0
19,2017-M020,Brisbane,Hard,32,A,20170102,279,103917,,,Nicolas Mahut,R,190.0,FRA,34.948665297699996,39.0,1102.0,103565,,,Stephane Robert,R,185.0,FRA,36.629705681,54.0,854.0,4-6 6-3 6-4,3,R32,120.0,13.0,3.0,86.0,55.0,42.0,17.0,15.0,2.0,4.0,9.0,8.0,94.0,46.0,29.0,30.0,14.0,9.0,12.0
20,2017-M020,Brisbane,Hard,32,A,20170102,278,105777,7.0,,Grigor Dimitrov,R,188.0,BUL,25.6344969199,17.0,2035.0,105449,,,Steve Johnson,R,188.0,USA,27.0253251198,33.0,1320.0,6-2 6-3,3,R32,75.0,3.0,0.0,48.0,25.0,23.0,12.0,9.0,0.0,1.0,2.0,3.0,57.0,36.0,21.0,7.0,8.0,4.0,8.0
21,2017-M020,Brisbane,Hard,32,A,20170102,277,103970,8.0,,David Ferrer,R,175.0,ESP,34.7542778919,21.0,1785.0,106071,,,Bernard Tomic,R,193.0,AUS,24.1998631075,26.0,1465.0,6-3 7-5,3,R32,83.0,3.0,5.0,52.0,30.0,25.0,12.0,10.0,2.0,3.0,5.0,8.0,74.0,44.0,29.0,12.0,11.0,5.0,9.0
22,2017-M020,Brisbane,Hard,32,A,20170102,276,111442,,WC,Jordan Thompson,R,,AUS,22.7049965777,79.0,689.0,111200,,WC,Elias Ymer,R,,SWE,20.7310061602,160.0,372.0,6-3 6-2,3,R32,90.0,1.0,0.0,46.0,28.0,26.0,6.0,8.0,1.0,2.0,1.0,6.0,74.0,43.0,23.0,13.0,9.0,10.0,15.0
23,2017-M020,Brisbane,Hard,32,A,20170102,275,111577,,Q,Jared Donaldson,R,,USA,20.2327173169,105.0,570.0,104180,,,Gilles Muller,L,193.0,LUX,33.6536618754,34.0,1255.0,6-4 6-4,3,R32,75.0,12.0,2.0,55.0,33.0,27.0,13.0,10.0,0.0,1.0,10.0,2.0,58.0,37.0,27.0,7.0,10.0,2.0,5.0
24,2017-M020,Brisbane,Hard,32,A,20170102,273,106298,6.0,,Lucas Pouille,R,,FRA,22.8583162218,15.0,2156.0,104468,,,Gilles Simon,R,183.0,FRA,32.0164271047,25.0,1585.0,7-6(6) 7-6(4),3,R32,125.0,7.0,2.0,102.0,52.0,37.0,24.0,12.0,8.0,12.0,1.0,4.0,76.0,42.0,29.0,16.0,12.0,0.0,4.0
25,2017-M020,Brisbane,Hard,32,A,20170102,272,106378,,,Kyle Edmund,R,,GBR,21.9849418207,45.0,1001.0,124014,,Q,Ernesto Escobedo,R,,USA,20.4982888433,141.0,443.0,7-6(4) 7-6(6),3,R32,130.0,11.0,2.0,83.0,48.0,37.0,19.0,12.0,2.0,3.0,11.0,3.0,113.0,67.0,39.0,27.0,12.0,9.0,10.0
26,2017-M020,Brisbane,Hard,32,A,20170102,271,104678,,,Viktor Troicki,R,193.0,SRB,30.893908281999998,29.0,1385.0,106415,,Q,Yoshihito Nishioka,L,,JPN,21.2676249144,100.0,604.0,6-4 7-5,3,R32,91.0,11.0,5.0,64.0,45.0,35.0,6.0,11.0,1.0,3.0,0.0,1.0,82.0,53.0,33.0,13.0,11.0,6.0,10.0
27,2017-0891,Chennai,Hard,32,A,20170102,300,105138,2.0,,Roberto Bautista Agut,R,,ESP,28.720054757,14.0,2350.0,106421,,,Daniil Medvedev,R,,RUS,20.8925393566,99.0,611.0,6-3 6-4,3,F,73.0,4.0,1.0,49.0,38.0,32.0,9.0,10.0,0.0,0.0,8.0,4.0,63.0,42.0,30.0,9.0,9.0,2.0,4.0
28,2017-0891,Chennai,Hard,32,A,20170102,299,106421,,,Daniil Medvedev,R,,RUS,20.8925393566,99.0,611.0,104534,,,Dudi Sela,R,175.0,ISR,31.748117727600004,96.0,616.0,4-6 7-6(2) 6-2,3,SF,126.0,4.0,2.0,96.0,59.0,42.0,21.0,15.0,6.0,9.0,3.0,2.0,92.0,65.0,40.0,17.0,15.0,3.0,7.0
29,2017-0891,Chennai,Hard,32,A,20170102,298,105138,2.0,,Roberto Bautista Agut,R,,ESP,28.720054757,14.0,2350.0,105332,5.0,,Benoit Paire,R,196.0,FRA,27.6550308008,47.0,960.0,6-3 6-3,3,SF,68.0,3.0,1.0,53.0,36.0,26.0,10.0,9.0,0.0,1.0,8.0,3.0,53.0,27.0,18.0,9.0,9.0,3.0,7.0
30,2017-0891,Chennai,Hard,32,A,20170102,297,106421,,,Daniil Medvedev,R,,RUS,20.8925393566,99.0,611.0,106075,,Q,Jozef Kovalik,R,,SVK,24.161533196399997,117.0,501.0,6-1 6-4,3,QF,84.0,8.0,2.0,55.0,37.0,28.0,7.0,8.0,3.0,4.0,3.0,5.0,69.0,45.0,26.0,9.0,9.0,6.0,11.0
31,2017-0891,Chennai,Hard,32,A,20170102,296,104534,,,Dudi Sela,R,175.0,ISR,31.748117727600004,96.0,616.0,105077,3.0,,Albert Ramos,L,188.0,ESP,28.9609856263,27.0,1435.0,7-5 6-4,3,QF,104.0,9.0,1.0,75.0,48.0,32.0,16.0,11.0,2.0,3.0,2.0,1.0,67.0,41.0,29.0,11.0,11.0,1.0,4.0
32,2017-0891,Chennai,Hard,32,A,20170102,295,105332,5.0,,Benoit Paire,R,196.0,FRA,27.6550308008,47.0,960.0,105379,,,Aljaz Bedene,R,181.0,GBR,27.460643394899996,101.0,592.0,6-3 6-0,3,QF,61.0,4.0,4.0,45.0,22.0,20.0,14.0,8.0,0.0,0.0,4.0,3.0,42.0,26.0,14.0,5.0,7.0,4.0,8.0
33,2017-0891,Chennai,Hard,32,A,20170102,294,105138,2.0,,Roberto Bautista Agut,R,,ESP,28.720054757,14.0,2350.0,104022,7.0,,Mikhail Youzhny,R,183.0,RUS,34.5242984257,57.0,826.0,2-6 6-4 6-4,3,QF,124.0,1.0,3.0,78.0,54.0,34.0,13.0,14.0,6.0,10.0,2.0,2.0,84.0,56.0,36.0,15.0,14.0,8.0,12.0
34,2017-0891,Chennai,Hard,32,A,20170102,293,106075,,Q,Jozef Kovalik,R,,SVK,24.161533196399997,117.0,501.0,105227,1.0,,Marin Cilic,R,198.0,CRO,28.2628336756,6.0,3650.0,7-6(5) 5-7 7-5,3,R16,168.0,8.0,2.0,130.0,83.0,55.0,30.0,18.0,9.0,11.0,18.0,2.0,113.0,69.0,53.0,26.0,18.0,3.0,5.0
35,2017-0891,Chennai,Hard,32,A,20170102,292,106421,,,Daniil Medvedev,R,,RUS,20.8925393566,99.0,611.0,104229,8.0,,Yen Hsun Lu,R,180.0,TPE,33.3880903491,64.0,754.0,6-4 6-3,3,R16,85.0,6.0,1.0,69.0,36.0,24.0,18.0,9.0,3.0,5.0,2.0,3.0,57.0,28.0,14.0,15.0,10.0,4.0,9.0
36,2017-0891,Chennai,Hard,32,A,20170102,291,105077,3.0,,Albert Ramos,L,188.0,ESP,28.9609856263,27.0,1435.0,104327,,,Steve Darcis,R,178.0,BEL,32.8076659822,86.0,658.0,6-2 6-0,3,R16,63.0,1.0,3.0,53.0,33.0,23.0,12.0,7.0,3.0,3.0,0.0,1.0,43.0,34.0,15.0,3.0,7.0,4.0,9.0
37,2017-0891,Chennai,Hard,32,A,20170102,290,104534,,,Dudi Sela,R,175.0,ISR,31.748117727600004,96.0,616.0,111202,,Q,Hyeon Chung,R,,KOR,20.6242299795,104.0,571.0,6-2 6-2,3,R16,66.0,2.0,1.0,46.0,28.0,20.0,10.0,8.0,3.0,4.0,2.0,3.0,56.0,34.0,18.0,7.0,8.0,2.0,7.0
38,2017-0891,Chennai,Hard,32,A,20170102,289,105332,5.0,,Benoit Paire,R,196.0,FRA,27.6550308008,47.0,960.0,106026,,Q,Yuki Bhambri,R,183.0,IND,24.4982888433,474.0,83.0,6-3 6-4,3,R16,85.0,12.0,3.0,79.0,47.0,35.0,18.0,10.0,7.0,7.0,0.0,2.0,75.0,55.0,31.0,13.0,9.0,9.0,11.0
39,2017-0891,Chennai,Hard,32,A,20170102,288,105379,,,Aljaz Bedene,R,181.0,GBR,27.460643394899996,101.0,592.0,105373,4.0,,Martin Klizan,L,190.0,SVK,27.4798083504,35.0,1230.0,7-6(3) 6-7(3) 7-6(2),3,R16,184.0,14.0,4.0,123.0,67.0,59.0,23.0,18.0,2.0,5.0,4.0,3.0,135.0,103.0,70.0,16.0,18.0,8.0,11.0
40,2017-0891,Chennai,Hard,32,A,20170102,287,104022,7.0,,Mikhail Youzhny,R,183.0,RUS,34.5242984257,57.0,826.0,105952,,,Renzo Olivo,R,,ARG,24.802190280599998,83.0,670.0,6-1 7-5,3,R16,92.0,0.0,2.0,63.0,40.0,30.0,12.0,9.0,2.0,3.0,3.0,4.0,68.0,44.0,28.0,6.0,10.0,4.0,9.0
41,2017-0891,Chennai,Hard,32,A,20170102,286,105138,2.0,,Roberto Bautista Agut,R,,ESP,28.720054757,14.0,2350.0,104297,,,Rogerio Dutra Silva,R,178.0,BRA,32.9144421629,98.0,613.0,6-3 6-2,3,R16,74.0,3.0,2.0,55.0,31.0,26.0,14.0,9.0,2.0,2.0,6.0,1.0,52.0,34.0,24.0,6.0,8.0,2.0,5.0
42,2017-0891,Chennai,Hard,32,A,20170102,284,106075,,Q,Jozef Kovalik,R,,SVK,24.161533196399997,117.0,501.0,105671,,,Gastao Elias,R,178.0,POR,26.1081451061,81.0,675.0,6-7(5) 6-4 6-2,3,R32,140.0,4.0,1.0,101.0,63.0,47.0,21.0,15.0,5.0,6.0,7.0,2.0,90.0,47.0,34.0,24.0,15.0,3.0,7.0
43,2017-0891,Chennai,Hard,32,A,20170102,283,106421,,,Daniil Medvedev,R,,RUS,20.8925393566,99.0,611.0,106329,,,Thiago Monteiro,L,,BRA,22.5927446954,82.0,674.0,6-3 6-3,3,R32,96.0,8.0,4.0,72.0,46.0,33.0,12.0,9.0,3.0,4.0,2.0,3.0,67.0,43.0,25.0,11.0,9.0,6.0,10.0
44,2017-0891,Chennai,Hard,32,A,20170102,282,104229,8.0,,Yen Hsun Lu,R,180.0,TPE,33.3880903491,64.0,754.0,105430,,,Radu Albot,R,,MDA,27.143052703600002,97.0,614.0,6-2 6-1,3,R32,63.0,4.0,4.0,38.0,19.0,16.0,12.0,7.0,0.0,1.0,1.0,2.0,51.0,25.0,12.0,8.0,8.0,4.0,10.0
45,2017-0891,Chennai,Hard,32,A,20170102,280,104327,,,Steve Darcis,R,178.0,BEL,32.8076659822,86.0,658.0,105254,,Q,Nikola Mektic,R,,CRO,28.0246406571,331.0,144.0,6-2 6-3,3,R32,59.0,1.0,0.0,39.0,25.0,20.0,12.0,8.0,0.0,0.0,4.0,0.0,48.0,30.0,15.0,9.0,9.0,0.0,4.0
46,2017-0891,Chennai,Hard,32,A,20170102,279,104534,,,Dudi Sela,R,175.0,ISR,31.748117727600004,96.0,616.0,106000,,,Damir Dzumhur,R,172.0,BIH,24.621492128699998,77.0,699.0,6-2 6-2,3,R32,62.0,2.0,0.0,53.0,36.0,28.0,11.0,8.0,5.0,5.0,1.0,4.0,57.0,29.0,17.0,10.0,8.0,4.0,8.0
47,2017-0891,Chennai,Hard,32,A,20170102,278,111202,,Q,Hyeon Chung,R,,KOR,20.6242299795,104.0,571.0,106432,6.0,,Borna Coric,R,,CRO,20.1341546886,48.0,945.0,6-3 7-5,3,R32,121.0,6.0,4.0,67.0,32.0,27.0,15.0,10.0,5.0,7.0,2.0,2.0,89.0,54.0,30.0,15.0,11.0,9.0,14.0
48,2017-0891,Chennai,Hard,32,A,20170102,277,105332,5.0,,Benoit Paire,R,196.0,FRA,27.6550308008,47.0,960.0,104505,,,Konstantin Kravchuk,R,190.0,RUS,31.8576317591,85.0,660.0,6-3 6-4,3,R32,64.0,4.0,5.0,59.0,26.0,23.0,20.0,10.0,0.0,0.0,9.0,6.0,58.0,38.0,27.0,9.0,9.0,6.0,8.0
49,2017-0891,Chennai,Hard,32,A,20170102,276,106026,,Q,Yuki Bhambri,R,183.0,IND,24.4982888433,474.0,83.0,106368,,WC,Ramkumar Ramanathan,R,,IND,22.1519507187,227.0,231.0,6-1 6-1,3,R32,52.0,0.0,2.0,36.0,26.0,22.0,7.0,7.0,1.0,1.0,2.0,3.0,44.0,27.0,13.0,5.0,7.0,5.0,10.0
50,2017-0891,Chennai,Hard,32,A,20170102,275,105379,,,Aljaz Bedene,R,181.0,GBR,27.460643394899996,101.0,592.0,104198,,,Guillermo Garcia Lopez,R,188.0,ESP,33.582477755,70.0,725.0,6-3 6-3,3,R32,74.0,7.0,4.0,59.0,37.0,27.0,14.0,9.0,5.0,5.0,2.0,2.0,53.0,33.0,24.0,8.0,9.0,2.0,5.0
51,2017-0891,Chennai,Hard,32,A,20170102,273,104022,7.0,,Mikhail Youzhny,R,183.0,RUS,34.5242984257,57.0,826.0,105031,,WC,Saketh Myneni,R,,IND,29.2073921971,192.0,287.0,6-4 6-3,3,R32,85.0,1.0,0.0,61.0,37.0,29.0,16.0,10.0,2.0,2.0,6.0,4.0,70.0,38.0,28.0,15.0,9.0,6.0,8.0
52,2017-0891,Chennai,Hard,32,A,20170102,272,105952,,,Renzo Olivo,R,,ARG,24.802190280599998,83.0,670.0,134770,,WC,Casper Ruud,R,,NOR,18.0314852841,225.0,231.0,7-6(3) 6-2,3,R32,79.0,5.0,2.0,60.0,33.0,27.0,18.0,10.0,0.0,0.0,1.0,3.0,69.0,51.0,35.0,8.0,10.0,6.0,8.0
53,2017-0891,Chennai,Hard,32,A,20170102,271,104297,,,Rogerio Dutra Silva,R,178.0,BRA,32.9144421629,98.0,613.0,105583,,,Dusan Lajovic,R,180.0,SRB,26.5106091718,93.0,627.0,7-6(2) 4-6 7-6(3),3,R32,153.0,12.0,4.0,117.0,70.0,51.0,23.0,17.0,4.0,8.0,2.0,2.0,127.0,95.0,59.0,18.0,17.0,9.0,12.0
54,2017-0451,Doha,Hard,32,A,20170102,300,104925,2.0,,Novak Djokovic,R,188.0,SRB,29.6180698152,2.0,11780.0,104918,1.0,,Andy Murray,R,190.0,GBR,29.6372347707,1.0,12410.0,6-3 5-7 6-4,3,F,174.0,2.0,3.0,110.0,79.0,54.0,19.0,16.0,5.0,7.0,8.0,4.0,84.0,50.0,39.0,16.0,15.0,1.0,4.0
55,2017-0451,Doha,Hard,32,A,20170102,299,104918,1.0,,Andy Murray,R,190.0,GBR,29.6372347707,1.0,12410.0,104607,3.0,,Tomas Berdych,R,196.0,CZE,31.2936344969,10.0,3060.0,6-3 6-4,3,SF,101.0,10.0,1.0,67.0,42.0,33.0,11.0,10.0,2.0,3.0,2.0,1.0,63.0,34.0,23.0,12.0,9.0,2.0,5.0
56,2017-0451,Doha,Hard,32,A,20170102,298,104925,2.0,,Novak Djokovic,R,188.0,SRB,29.6180698152,2.0,11780.0,104269,,,Fernando Verdasco,L,188.0,ESP,33.1334702259,42.0,1035.0,4-6 7-6(7) 6-3,3,SF,142.0,3.0,1.0,93.0,57.0,45.0,15.0,15.0,4.0,7.0,2.0,3.0,101.0,70.0,44.0,16.0,16.0,3.0,7.0
57,2017-0451,Doha,Hard,32,A,20170102,297,104918,1.0,,Andy Murray,R,190.0,GBR,29.6372347707,1.0,12410.0,104597,,,Nicolas Almagro,R,183.0,ESP,31.3675564682,44.0,1013.0,7-6(4) 7-5,3,QF,129.0,5.0,3.0,79.0,51.0,34.0,17.0,12.0,3.0,5.0,4.0,4.0,89.0,44.0,30.0,21.0,12.0,9.0,12.0
58,2017-0451,Doha,Hard,32,A,20170102,296,104607,3.0,,Tomas Berdych,R,196.0,CZE,31.2936344969,10.0,3060.0,104542,5.0,,Jo Wilfried Tsonga,R,188.0,FRA,31.712525667399998,12.0,2550.0,7-5 6-3,3,QF,91.0,9.0,1.0,85.0,51.0,39.0,19.0,11.0,7.0,7.0,6.0,0.0,52.0,32.0,25.0,11.0,10.0,1.0,3.0
59,2017-0451,Doha,Hard,32,A,20170102,295,104269,,,Fernando Verdasco,L,188.0,ESP,33.1334702259,42.0,1035.0,103333,6.0,,Ivo Karlovic,R,208.0,CRO,37.845311430500004,20.0,1795.0,6-2 7-5,3,QF,83.0,2.0,1.0,58.0,48.0,34.0,7.0,10.0,1.0,1.0,13.0,4.0,67.0,42.0,31.0,8.0,10.0,9.0,12.0
60,2017-0451,Doha,Hard,32,A,20170102,294,104925,2.0,,Novak Djokovic,R,188.0,SRB,29.6180698152,2.0,11780.0,103285,,Q,Radek Stepanek,R,185.0,CZE,38.099931553699996,107.0,558.0,6-3 6-3,3,QF,91.0,3.0,3.0,56.0,35.0,26.0,12.0,9.0,3.0,4.0,2.0,5.0,61.0,33.0,25.0,6.0,9.0,2.0,6.0
61,2017-0451,Doha,Hard,32,A,20170102,293,104918,1.0,,Andy Murray,R,190.0,GBR,29.6372347707,1.0,12410.0,105589,,,Gerald Melzer,L,,AUT,26.4750171116,68.0,728.0,7-6(6) 7-5,3,R16,143.0,10.0,0.0,76.0,46.0,36.0,13.0,12.0,3.0,6.0,2.0,3.0,105.0,74.0,45.0,12.0,12.0,10.0,14.0
62,2017-0451,Doha,Hard,32,A,20170102,292,104597,,,Nicolas Almagro,R,183.0,ESP,31.3675564682,44.0,1013.0,104259,7.0,,Philipp Kohlschreiber,R,178.0,GER,33.2156057495,32.0,1325.0,7-6(5) 7-6(6),3,R16,105.0,11.0,1.0,78.0,44.0,32.0,21.0,12.0,0.0,2.0,8.0,1.0,80.0,49.0,38.0,15.0,12.0,0.0,2.0
63,2017-0451,Doha,Hard,32,A,20170102,291,104607,3.0,,Tomas Berdych,R,196.0,CZE,31.2936344969,10.0,3060.0,106210,,,Jiri Vesely,L,,CZE,23.482546201199998,55.0,848.0,7-6(5) 1-6 6-1,3,R16,105.0,13.0,3.0,79.0,47.0,39.0,14.0,13.0,2.0,4.0,9.0,2.0,84.0,55.0,36.0,16.0,13.0,0.0,2.0
64,2017-0451,Doha,Hard,32,A,20170102,290,104542,5.0,,Jo Wilfried Tsonga,R,188.0,FRA,31.712525667399998,12.0,2550.0,104460,,,Dustin Brown,R,196.0,GER,32.0684462697,72.0,710.0,6-1 6-3,3,R16,45.0,12.0,2.0,39.0,26.0,22.0,11.0,8.0,0.0,0.0,1.0,1.0,44.0,29.0,16.0,7.0,8.0,3.0,7.0
65,2017-0451,Doha,Hard,32,A,20170102,289,103333,6.0,,Ivo Karlovic,R,208.0,CRO,37.845311430500004,20.0,1795.0,111575,,,Karen Khachanov,R,,RUS,20.6187542779,53.0,863.0,7-6(3) 7-6(3),3,R16,89.0,16.0,4.0,73.0,45.0,42.0,17.0,12.0,3.0,3.0,13.0,4.0,70.0,42.0,34.0,19.0,12.0,0.0,0.0
66,2017-0451,Doha,Hard,32,A,20170102,288,104269,,,Fernando Verdasco,L,188.0,ESP,33.1334702259,42.0,1035.0,105676,4.0,,David Goffin,R,163.0,BEL,26.0725530459,11.0,2750.0,6-1 7-6(6),3,R16,101.0,6.0,2.0,87.0,56.0,39.0,12.0,10.0,12.0,14.0,2.0,0.0,68.0,41.0,25.0,12.0,9.0,3.0,7.0
67,2017-0451,Doha,Hard,32,A,20170102,287,103285,,Q,Radek Stepanek,R,185.0,CZE,38.099931553699996,107.0,558.0,105963,,WC,Arthur De Greef,R,,BEL,24.769336071199998,134.0,456.0,6-3 6-2,3,R16,79.0,0.0,2.0,58.0,31.0,23.0,13.0,9.0,4.0,5.0,5.0,4.0,59.0,38.0,21.0,8.0,8.0,5.0,9.0
68,2017-0451,Doha,Hard,32,A,20170102,286,104925,2.0,,Novak Djokovic,R,188.0,SRB,29.6180698152,2.0,11780.0,104547,,,Horacio Zeballos,L,188.0,ARG,31.685147159499998,71.0,722.0,6-3 6-4,3,R16,71.0,4.0,1.0,47.0,33.0,29.0,11.0,10.0,0.0,0.0,4.0,2.0,54.0,34.0,22.0,11.0,9.0,0.0,2.0
69,2017-0451,Doha,Hard,32,A,20170102,285,104918,1.0,,Andy Murray,R,190.0,GBR,29.6372347707,1.0,12410.0,104871,,,Jeremy Chardy,R,188.0,FRA,29.8891170431,69.0,725.0,6-0 7-6(2),3,R32,81.0,6.0,1.0,55.0,40.0,34.0,8.0,9.0,0.0,1.0,3.0,7.0,66.0,41.0,26.0,7.0,9.0,3.0,7.0
70,2017-0451,Doha,Hard,32,A,20170102,284,105589,,,Gerald Melzer,L,,AUT,26.4750171116,68.0,728.0,103908,,,Paul Henri Mathieu,R,185.0,FRA,34.9733059548,73.0,710.0,6-7(2) 6-3 6-2,3,R32,120.0,13.0,3.0,100.0,80.0,53.0,10.0,15.0,7.0,10.0,7.0,4.0,95.0,52.0,42.0,10.0,14.0,6.0,12.0
71,2017-0451,Doha,Hard,32,A,20170102,283,104597,,,Nicolas Almagro,R,183.0,ESP,31.3675564682,44.0,1013.0,103893,,,Paolo Lorenzi,R,183.0,ITA,35.0499657769,40.0,1090.0,7-6(2) 4-6 6-3,3,R32,148.0,13.0,2.0,104.0,55.0,39.0,26.0,16.0,3.0,6.0,5.0,3.0,90.0,57.0,38.0,18.0,15.0,4.0,7.0
72,2017-0451,Doha,Hard,32,A,20170102,282,104259,7.0,,Philipp Kohlschreiber,R,178.0,GER,33.2156057495,32.0,1325.0,104291,,,Malek Jaziri,R,185.0,TUN,32.9527720739,58.0,814.0,6-2 7-6(3),3,R32,102.0,4.0,3.0,73.0,44.0,33.0,14.0,10.0,3.0,4.0,6.0,4.0,79.0,49.0,30.0,13.0,10.0,9.0,12.0
73,2017-0451,Doha,Hard,32,A,20170102,281,104607,3.0,,Tomas Berdych,R,196.0,CZE,31.2936344969,10.0,3060.0,105561,,Q,Alessandro Giannessi,L,183.0,ITA,26.5954825462,128.0,475.0,7-6(1) 6-2,3,R32,86.0,5.0,2.0,54.0,31.0,26.0,18.0,10.0,0.0,0.0,6.0,2.0,71.0,42.0,30.0,14.0,10.0,2.0,4.0
74,2017-0451,Doha,Hard,32,A,20170102,280,106210,,,Jiri Vesely,L,,CZE,23.482546201199998,55.0,848.0,105551,,WC,Anil Yuksel,L,,TUR,26.6255989049,507.0,73.0,6-2 6-3,3,R32,65.0,13.0,2.0,41.0,29.0,27.0,9.0,9.0,0.0,0.0,1.0,1.0,65.0,40.0,25.0,11.0,8.0,6.0,9.0
75,2017-0451,Doha,Hard,32,A,20170102,279,104460,,,Dustin Brown,R,196.0,GER,32.0684462697,72.0,710.0,105487,,,Facundo Bagnis,L,,ARG,26.847364818600003,56.0,835.0,6-1 6-7(2) 6-4,3,R32,105.0,7.0,4.0,86.0,57.0,41.0,18.0,14.0,2.0,2.0,7.0,7.0,91.0,59.0,41.0,15.0,15.0,7.0,11.0
76,2017-0451,Doha,Hard,32,A,20170102,278,104542,5.0,,Jo Wilfried Tsonga,R,188.0,FRA,31.712525667399998,12.0,2550.0,105723,,,Andrey Kuznetsov,R,185.0,RUS,25.8617385352,46.0,970.0,6-1 4-6 6-2,3,R32,86.0,9.0,2.0,67.0,37.0,31.0,20.0,13.0,1.0,2.0,5.0,1.0,66.0,41.0,29.0,10.0,12.0,1.0,5.0
77,2017-0451,Doha,Hard,32,A,20170102,277,103333,6.0,,Ivo Karlovic,R,208.0,CRO,37.845311430500004,20.0,1795.0,105011,,,Illya Marchenko,R,185.0,UKR,29.3196440794,74.0,705.0,7-6(5) 7-6(0),3,R32,95.0,13.0,4.0,73.0,50.0,43.0,13.0,12.0,1.0,1.0,2.0,1.0,69.0,52.0,40.0,10.0,12.0,0.0,0.0
78,2017-0451,Doha,Hard,32,A,20170102,276,111575,,,Karen Khachanov,R,,RUS,20.6187542779,53.0,863.0,122570,,WC,Mubarak Al Harrasi,U,,QAT,21.7221081451,1277.0,5.0,6-1 6-3,3,R32,57.0,4.0,1.0,38.0,17.0,16.0,16.0,8.0,0.0,0.0,3.0,4.0,62.0,34.0,22.0,9.0,8.0,9.0,13.0
79,2017-0451,Doha,Hard,32,A,20170102,275,104269,,,Fernando Verdasco,L,188.0,ESP,33.1334702259,42.0,1035.0,105577,,Q,Vasek Pospisil,R,193.0,CAN,26.5297741273,133.0,456.0,7-5 6-0,3,R32,75.0,0.0,1.0,52.0,36.0,25.0,11.0,9.0,0.0,1.0,5.0,1.0,55.0,29.0,19.0,8.0,9.0,3.0,8.0
80,2017-0451,Doha,Hard,32,A,20170102,274,105676,4.0,,David Goffin,R,163.0,BEL,26.0725530459,11.0,2750.0,104898,,,Robin Haase,R,190.0,NED,29.7440109514,59.0,795.0,7-6(4) 6-2,3,R32,89.0,6.0,0.0,72.0,44.0,31.0,17.0,10.0,10.0,12.0,7.0,1.0,62.0,34.0,23.0,12.0,10.0,1.0,5.0
81,2017-0451,Doha,Hard,32,A,20170102,273,103285,,Q,Radek Stepanek,R,185.0,CZE,38.099931553699996,107.0,558.0,104571,8.0,,Marcos Baghdatis,R,183.0,CYP,31.545516769299997,36.0,1140.0,6-4 5-3 RET,3,R32,114.0,2.0,7.0,88.0,38.0,24.0,26.0,9.0,12.0,14.0,2.0,1.0,66.0,39.0,23.0,12.0,9.0,5.0,9.0
82,2017-0451,Doha,Hard,32,A,20170102,272,105963,,WC,Arthur De Greef,R,,BEL,24.769336071199998,134.0,456.0,105633,,Q,Mohamed Safwat,R,183.0,EGY,26.288843258000004,199.0,278.0,6-7(8) 7-5 6-4,3,R32,143.0,6.0,2.0,112.0,66.0,47.0,28.0,17.0,7.0,8.0,14.0,1.0,100.0,61.0,44.0,25.0,17.0,3.0,6.0
83,2017-0451,Doha,Hard,32,A,20170102,271,104547,,,Horacio Zeballos,L,188.0,ARG,31.685147159499998,71.0,722.0,104252,,,Florian Mayer,R,190.0,GER,33.2457221081,50.0,903.0,6-7(3) 6-4 7-6(9),3,R32,157.0,9.0,4.0,117.0,71.0,55.0,27.0,17.0,3.0,4.0,14.0,3.0,120.0,71.0,57.0,23.0,17.0,6.0,8.0
84,2017-0451,Doha,Hard,32,A,20170102,270,104925,2.0,,Novak Djokovic,R,188.0,SRB,29.6180698152,2.0,11780.0,105526,,,Jan Lennard Struff,R,,GER,26.6913073238,63.0,758.0,7-6(1) 6-3,3,R32,86.0,4.0,4.0,55.0,39.0,33.0,6.0,10.0,3.0,5.0,9.0,1.0,74.0,41.0,26.0,14.0,11.0,5.0,9.0
85,2017-0301,Auckland,Hard,32,A,20170109,300,106058,4.0,,Jack Sock,R,185.0,USA,24.2929500342,23.0,1710.0,105311,,,Joao Sousa,R,,POR,27.780971936999997,44.0,1030.0,6-3 5-7 6-3,3,F,116.0,13.0,3.0,78.0,54.0,43.0,11.0,15.0,1.0,4.0,10.0,3.0,95.0,60.0,40.0,14.0,15.0,4.0,9.0
86,2017-0301,Auckland,Hard,32,A,20170109,299,105311,,,Joao Sousa,R,,POR,27.780971936999997,44.0,1030.0,104571,8.0,,Marcos Baghdatis,R,183.0,CYP,31.5646817248,36.0,1140.0,6-1 7-5,3,SF,72.0,3.0,2.0,59.0,41.0,32.0,11.0,10.0,1.0,1.0,1.0,5.0,48.0,21.0,15.0,13.0,9.0,1.0,4.0
87,2017-0301,Auckland,Hard,32,A,20170109,298,106058,4.0,,Jack Sock,R,185.0,USA,24.2929500342,23.0,1710.0,105449,7.0,,Steve Johnson,R,188.0,USA,27.0444900753,33.0,1320.0,6-4 6-3,3,SF,70.0,2.0,3.0,57.0,30.0,23.0,16.0,9.0,1.0,1.0,3.0,4.0,52.0,33.0,26.0,9.0,10.0,1.0,4.0
88,2017-0301,Auckland,Hard,32,A,20170109,297,104571,8.0,,Marcos Baghdatis,R,183.0,CYP,31.5646817248,36.0,1140.0,106210,,,Jiri Vesely,L,,CZE,23.5017111567,54.0,848.0,6-2 6-4,3,QF,70.0,12.0,1.0,45.0,27.0,24.0,12.0,9.0,0.0,0.0,5.0,1.0,59.0,40.0,23.0,9.0,9.0,4.0,7.0
89,2017-0301,Auckland,Hard,32,A,20170109,296,105311,,,Joao Sousa,R,,POR,27.780971936999997,44.0,1030.0,104898,,,Robin Haase,R,190.0,NED,29.7631759069,58.0,795.0,6-3 6-2,3,QF,57.0,1.0,0.0,53.0,32.0,26.0,13.0,9.0,2.0,2.0,5.0,2.0,45.0,29.0,19.0,7.0,8.0,3.0,6.0
90,2017-0301,Auckland,Hard,32,A,20170109,295,106058,4.0,,Jack Sock,R,185.0,USA,24.2929500342,23.0,1710.0,104871,,,Jeremy Chardy,R,188.0,FRA,29.9082819986,71.0,705.0,5-7 6-4 6-3,3,QF,129.0,12.0,2.0,87.0,57.0,43.0,18.0,15.0,2.0,4.0,14.0,7.0,131.0,86.0,54.0,23.0,16.0,21.0,25.0
91,2017-0301,Auckland,Hard,32,A,20170109,294,105449,7.0,,Steve Johnson,R,188.0,USA,27.0444900753,33.0,1320.0,104545,2.0,,John Isner,R,206.0,USA,31.7070499658,19.0,1850.0,6-3 5-7 7-6(3),3,QF,134.0,12.0,2.0,94.0,60.0,51.0,22.0,17.0,1.0,2.0,19.0,4.0,105.0,78.0,59.0,15.0,16.0,9.0,10.0
92,2017-0301,Auckland,Hard,32,A,20170109,293,106210,,,Jiri Vesely,L,,CZE,23.5017111567,54.0,848.0,104907,,LL,Jose Rubin Statham,R,183.0,NZL,29.711156741999996,434.0,94.0,6-7(6) 7-5 6-3,3,R16,143.0,15.0,6.0,105.0,66.0,53.0,26.0,17.0,5.0,5.0,8.0,2.0,90.0,64.0,50.0,16.0,16.0,1.0,3.0
93,2017-0301,Auckland,Hard,32,A,20170109,292,104571,8.0,,Marcos Baghdatis,R,183.0,CYP,31.5646817248,36.0,1140.0,104460,,WC,Dustin Brown,R,196.0,GER,32.0876112252,70.0,718.0,4-6 7-6(4) 6-4,3,R16,125.0,12.0,5.0,109.0,62.0,48.0,25.0,16.0,8.0,10.0,6.0,6.0,115.0,72.0,52.0,22.0,16.0,8.0,10.0
94,2017-0301,Auckland,Hard,32,A,20170109,291,104898,,,Robin Haase,R,190.0,NED,29.7631759069,58.0,795.0,103970,3.0,,David Ferrer,R,175.0,ESP,34.7734428474,21.0,1785.0,2-6 6-4 7-6(4),3,R16,120.0,11.0,2.0,104.0,66.0,48.0,21.0,15.0,6.0,9.0,4.0,2.0,98.0,72.0,52.0,13.0,15.0,5.0,7.0
95,2017-0301,Auckland,Hard,32,A,20170109,290,105311,,,Joao Sousa,R,,POR,27.780971936999997,44.0,1030.0,105454,,Q,Brydan Klein,R,183.0,AUS,27.0253251198,324.0,148.0,6-3 6-4,3,R16,73.0,3.0,3.0,58.0,33.0,25.0,13.0,10.0,0.0,2.0,5.0,6.0,51.0,27.0,19.0,7.0,9.0,1.0,5.0
96,2017-0301,Auckland,Hard,32,A,20170109,289,104871,,,Jeremy Chardy,R,188.0,FRA,29.9082819986,71.0,705.0,103852,6.0,,Feliciano Lopez,L,188.0,ESP,35.3045859001,28.0,1410.0,W/O,3,R16,0.0,,,,,,,,,,,,,,,,,,
97,2017-0301,Auckland,Hard,32,A,20170109,288,106058,4.0,,Jack Sock,R,185.0,USA,24.2929500342,23.0,1710.0,105992,,Q,Ryan Harrison,R,183.0,USA,24.6762491444,89.0,632.0,7-6(5) 4-6 6-1,3,R16,125.0,11.0,6.0,105.0,61.0,42.0,25.0,15.0,4.0,7.0,17.0,1.0,87.0,61.0,47.0,8.0,14.0,2.0,6.0
98,2017-0301,Auckland,Hard,32,A,20170109,287,105449,7.0,,Steve Johnson,R,188.0,USA,27.0444900753,33.0,1320.0,104229,,,Yen Hsun Lu,R,180.0,TPE,33.4072553046,61.0,774.0,6-4 7-6(4),3,R16,88.0,5.0,4.0,64.0,33.0,31.0,21.0,11.0,0.0,0.0,4.0,2.0,61.0,36.0,30.0,18.0,11.0,0.0,1.0
99,2017-0301,Auckland,Hard,32,A,20170109,286,104545,2.0,,John Isner,R,206.0,USA,31.7070499658,19.0,1850.0,104291,,,Malek Jaziri,R,185.0,TUN,32.9719370294,56.0,814.0,6-3 3-6 7-6(6),3,R16,117.0,22.0,0.0,87.0,68.0,55.0,13.0,15.0,4.0,5.0,15.0,6.0,95.0,54.0,44.0,24.0,15.0,3.0,4.0
100,2017-0301,Auckland,Hard,32,A,20170109,284,106210,,,Jiri Vesely,L,,CZE,23.5017111567,54.0,848.0,104547,,,Horacio Zeballos,L,188.0,ARG,31.704312115,69.0,725.0,6-4 6-3,3,R32,82.0,10.0,6.0,64.0,45.0,34.0,8.0,9.0,5.0,5.0,5.0,2.0,52.0,28.0,18.0,15.0,10.0,2.0,5.0
101,2017-0301,Auckland,Hard,32,A,20170109,283,104460,,WC,Dustin Brown,R,196.0,GER,32.0876112252,70.0,718.0,111581,,Q,Michael Mmoh,R,,USA,18.9979466119,195.0,285.0,7-6(4) 3-6 6-4,3,R32,116.0,12.0,3.0,114.0,70.0,47.0,28.0,16.0,10.0,13.0,11.0,2.0,90.0,57.0,44.0,20.0,15.0,5.0,7.0
102,2017-0301,Auckland,Hard,32,A,20170109,282,104571,8.0,,Marcos Baghdatis,R,183.0,CYP,31.5646817248,36.0,1140.0,105173,,,Adrian Mannarino,L,183.0,FRA,28.5311430527,60.0,781.0,6-4 6-4,3,R32,96.0,7.0,1.0,68.0,29.0,23.0,21.0,10.0,2.0,3.0,3.0,1.0,65.0,40.0,22.0,15.0,10.0,4.0,7.0
103,2017-0301,Auckland,Hard,32,A,20170109,280,104898,,,Robin Haase,R,190.0,NED,29.7631759069,58.0,795.0,110686,,Q,Finn Tearney,R,,NZL,26.2861054073,447.0,90.0,6-4 7-5,3,R32,80.0,13.0,3.0,69.0,33.0,26.0,17.0,11.0,6.0,8.0,3.0,3.0,66.0,39.0,23.0,14.0,11.0,4.0,8.0
104,2017-0301,Auckland,Hard,32,A,20170109,279,105454,,Q,Brydan Klein,R,183.0,AUS,27.0253251198,324.0,148.0,105487,,,Facundo Bagnis,L,,ARG,26.866529774099998,55.0,817.0,6-1 6-7(6) 7-6(3),3,R32,135.0,14.0,3.0,101.0,63.0,54.0,18.0,15.0,2.0,3.0,6.0,9.0,104.0,70.0,47.0,17.0,16.0,3.0,7.0
105,2017-0301,Auckland,Hard,32,A,20170109,278,105311,,,Joao Sousa,R,,POR,27.780971936999997,44.0,1030.0,105077,5.0,,Albert Ramos,L,188.0,ESP,28.980150581799997,26.0,1435.0,6-1 7-5,3,R32,87.0,3.0,3.0,54.0,34.0,27.0,11.0,10.0,2.0,3.0,3.0,3.0,59.0,33.0,20.0,12.0,9.0,5.0,9.0
106,2017-0301,Auckland,Hard,32,A,20170109,277,103852,6.0,,Feliciano Lopez,L,188.0,ESP,35.3045859001,28.0,1410.0,105030,,WC,Michael Venus,R,,NZL,29.234770705,1035.0,10.0,3-6 6-4 6-3,3,R32,107.0,11.0,4.0,87.0,47.0,41.0,17.0,14.0,6.0,7.0,8.0,3.0,92.0,55.0,40.0,18.0,14.0,5.0,7.0
107,2017-0301,Auckland,Hard,32,A,20170109,276,104871,,,Jeremy Chardy,R,188.0,FRA,29.9082819986,71.0,705.0,104677,,WC,Artem Sitak,R,,NZL,30.9185489391,,,6-4 6-2,3,R32,61.0,1.0,1.0,46.0,27.0,21.0,16.0,9.0,0.0,0.0,4.0,2.0,56.0,31.0,23.0,11.0,9.0,3.0,6.0
108,2017-0301,Auckland,Hard,32,A,20170109,275,105992,,Q,Ryan Harrison,R,183.0,USA,24.6762491444,89.0,632.0,104198,,,Guillermo Garcia Lopez,R,188.0,ESP,33.6016427105,74.0,700.0,6-1 6-2,3,R32,65.0,9.0,1.0,41.0,30.0,24.0,9.0,8.0,2.0,2.0,2.0,3.0,59.0,38.0,22.0,7.0,7.0,6.0,10.0
109,2017-0301,Auckland,Hard,32,A,20170109,273,105449,7.0,,Steve Johnson,R,188.0,USA,27.0444900753,33.0,1320.0,103565,,,Stephane Robert,R,185.0,FRA,36.6488706366,53.0,854.0,6-4 6-3,3,R32,85.0,11.0,3.0,60.0,31.0,28.0,13.0,10.0,1.0,2.0,2.0,6.0,69.0,33.0,26.0,12.0,9.0,4.0,7.0
110,2017-0301,Auckland,Hard,32,A,20170109,272,104229,,,Yen Hsun Lu,R,180.0,TPE,33.4072553046,61.0,774.0,111575,,,Karen Khachanov,R,,RUS,20.637919233399998,51.0,875.0,4-6 7-6(5) 7-6(9),3,R32,158.0,6.0,5.0,119.0,72.0,59.0,24.0,17.0,9.0,12.0,16.0,3.0,109.0,62.0,51.0,26.0,17.0,3.0,5.0
111,2017-0301,Auckland,Hard,32,A,20170109,271,104291,,,Malek Jaziri,R,185.0,TUN,32.9719370294,56.0,814.0,106043,,,Diego Sebastian Schwartzman,R,,ARG,24.3997262149,52.0,867.0,7-6(1) 6-3,3,R32,93.0,3.0,1.0,63.0,35.0,27.0,18.0,10.0,1.0,2.0,0.0,2.0,74.0,45.0,27.0,17.0,11.0,4.0,7.0
112,2017-M001,Sydney,Hard,32,A,20170109,300,104180,6.0,,Gilles Muller,L,193.0,LUX,33.6728268309,34.0,1255.0,105554,,,Daniel Evans,R,175.0,GBR,26.633812457199998,67.0,736.0,7-6(5) 6-2,3,F,88.0,,,,,,,,,,,,,,,,,,
113,2017-M001,Sydney,Hard,32,A,20170109,299,105554,,,Daniel Evans,R,175.0,GBR,26.633812457199998,67.0,736.0,106233,1.0,,Dominic Thiem,R,,AUT,23.351129363400002,8.0,3415.0,3-6 6-4 6-1,3,QF,122.0,1.0,0.0,94.0,45.0,31.0,23.0,13.0,5.0,9.0,2.0,4.0,81.0,49.0,29.0,15.0,13.0,3.0,9.0
114,2017-M001,Sydney,Hard,32,A,20170109,298,105723,,,Andrey Kuznetsov,R,185.0,RUS,25.880903490799998,48.0,935.0,105807,4.0,,Pablo Carreno Busta,R,,ESP,25.4976043806,30.0,1370.0,2-6 6-4 6-1,3,QF,105.0,9.0,5.0,79.0,37.0,29.0,22.0,13.0,4.0,6.0,4.0,3.0,78.0,46.0,31.0,17.0,12.0,7.0,10.0
115,2017-M001,Sydney,Hard,32,A,20170109,297,104678,3.0,,Viktor Troicki,R,193.0,SRB,30.9130732375,29.0,1385.0,104259,5.0,,Philipp Kohlschreiber,R,178.0,GER,33.234770705,32.0,1325.0,W/O,3,QF,0.0,,,,,,,,,,,,,,,,,,
116,2017-M001,Sydney,Hard,32,A,20170109,296,104180,6.0,,Gilles Muller,L,193.0,LUX,33.6728268309,34.0,1255.0,104655,2.0,,Pablo Cuevas,R,180.0,URU,31.022587269000002,22.0,1780.0,7-6(5) 6-4,3,QF,96.0,17.0,2.0,72.0,47.0,36.0,13.0,11.0,1.0,2.0,5.0,1.0,73.0,50.0,30.0,17.0,11.0,7.0,9.0
117,2017-M001,Sydney,Hard,32,A,20170109,295,106233,1.0,,Dominic Thiem,R,,AUT,23.351129363400002,8.0,3415.0,105671,,Q,Gastao Elias,R,178.0,POR,26.1273100616,81.0,675.0,6-7(5) 6-3 7-5,3,R16,159.0,5.0,5.0,103.0,60.0,41.0,24.0,17.0,3.0,7.0,6.0,2.0,118.0,65.0,39.0,26.0,16.0,6.0,12.0
118,2017-M001,Sydney,Hard,32,A,20170109,294,105554,,,Daniel Evans,R,175.0,GBR,26.633812457199998,67.0,736.0,104719,8.0,,Marcel Granollers,R,190.0,ESP,30.7460643395,37.0,1136.0,1-6 6-3 6-3,3,R16,103.0,5.0,3.0,70.0,42.0,35.0,12.0,12.0,2.0,4.0,3.0,3.0,76.0,51.0,35.0,13.0,13.0,1.0,4.0
119,2017-M001,Sydney,Hard,32,A,20170109,293,105807,4.0,,Pablo Carreno Busta,R,,ESP,25.4976043806,30.0,1370.0,104999,,,Mischa Zverev,L,190.0,GER,29.385352498299998,50.0,884.0,3-6 7-6(4) 6-3,3,R16,130.0,4.0,6.0,101.0,61.0,45.0,21.0,14.0,5.0,6.0,8.0,3.0,112.0,78.0,54.0,18.0,16.0,9.0,11.0
120,2017-M001,Sydney,Hard,32,A,20170109,292,105723,,,Andrey Kuznetsov,R,185.0,RUS,25.880903490799998,48.0,935.0,200282,,WC,Alex De Minaur,R,,AUS,17.8945927447,333.0,144.0,6-2 0-0 RET,3,R16,40.0,2.0,1.0,28.0,13.0,9.0,9.0,4.0,2.0,2.0,0.0,0.0,31.0,20.0,10.0,6.0,4.0,6.0,8.0
121,2017-M001,Sydney,Hard,32,A,20170109,291,104259,5.0,,Philipp Kohlschreiber,R,178.0,GER,33.234770705,32.0,1325.0,111442,,WC,Jordan Thompson,R,,AUS,22.7241615332,75.0,699.0,7-5 6-4,3,R16,84.0,5.0,1.0,65.0,38.0,30.0,16.0,11.0,3.0,4.0,10.0,0.0,61.0,43.0,30.0,7.0,11.0,0.0,3.0
122,2017-M001,Sydney,Hard,32,A,20170109,290,104678,3.0,,Viktor Troicki,R,193.0,SRB,30.9130732375,29.0,1385.0,103893,,,Paolo Lorenzi,R,183.0,ITA,35.0691307324,41.0,1090.0,6-3 6-4,3,R16,92.0,12.0,1.0,55.0,33.0,30.0,12.0,10.0,1.0,1.0,3.0,5.0,83.0,49.0,34.0,14.0,9.0,8.0,10.0
123,2017-M001,Sydney,Hard,32,A,20170109,289,104180,6.0,,Gilles Muller,L,193.0,LUX,33.6728268309,34.0,1255.0,105881,,Q,Matthew Barton,R,,AUS,25.0622861054,198.0,282.0,6-1 3-6 6-4,3,R16,102.0,22.0,3.0,64.0,40.0,36.0,15.0,13.0,0.0,1.0,17.0,4.0,96.0,51.0,42.0,15.0,13.0,10.0,13.0
124,2017-M001,Sydney,Hard,32,A,20170109,288,104655,2.0,,Pablo Cuevas,R,180.0,URU,31.022587269000002,22.0,1780.0,103917,,,Nicolas Mahut,R,190.0,FRA,34.9678302533,38.0,1122.0,6-4 2-6 6-2,3,R16,107.0,9.0,3.0,76.0,45.0,35.0,14.0,13.0,2.0,4.0,2.0,2.0,79.0,54.0,33.0,14.0,13.0,3.0,6.0
125,2017-M001,Sydney,Hard,32,A,20170109,286,105671,,Q,Gastao Elias,R,178.0,POR,26.1273100616,81.0,675.0,106331,,Q,Christopher Oconnell,U,,AUS,22.6036960986,238.0,217.0,6-7(3) 6-4 6-1,3,R32,145.0,11.0,4.0,114.0,62.0,45.0,29.0,14.0,14.0,15.0,2.0,6.0,100.0,66.0,40.0,17.0,15.0,6.0,11.0
126,2017-M001,Sydney,Hard,32,A,20170109,285,105554,,,Daniel Evans,R,175.0,GBR,26.633812457199998,67.0,736.0,106329,,Q,Thiago Monteiro,L,,BRA,22.611909650900003,83.0,660.0,6-3 4-6 6-3,3,R32,102.0,3.0,3.0,80.0,45.0,30.0,19.0,14.0,1.0,5.0,6.0,1.0,79.0,62.0,39.0,6.0,14.0,3.0,9.0
127,2017-M001,Sydney,Hard,32,A,20170109,284,104719,8.0,,Marcel Granollers,R,190.0,ESP,30.7460643395,37.0,1136.0,105053,,LL,Santiago Giraldo,R,188.0,COL,29.1197809719,90.0,632.0,6-7(5) 7-5 6-3,3,R32,156.0,5.0,1.0,105.0,71.0,53.0,22.0,17.0,5.0,6.0,4.0,2.0,106.0,67.0,46.0,19.0,16.0,5.0,8.0
128,2017-M001,Sydney,Hard,32,A,20170109,282,104999,,,Mischa Zverev,L,190.0,GER,29.385352498299998,50.0,884.0,104597,,,Nicolas Almagro,R,183.0,ESP,31.3867214237,43.0,1040.0,6-4 6-2,3,R32,70.0,12.0,0.0,47.0,35.0,31.0,6.0,9.0,1.0,1.0,7.0,4.0,63.0,26.0,20.0,17.0,9.0,4.0,7.0
129,2017-M001,Sydney,Hard,32,A,20170109,281,200282,,WC,Alex De Minaur,R,,AUS,17.8945927447,333.0,144.0,105332,,,Benoit Paire,R,196.0,FRA,27.6741957563,46.0,960.0,6-3 3-6 7-6(1),3,R32,104.0,2.0,4.0,82.0,48.0,35.0,20.0,15.0,2.0,5.0,10.0,7.0,93.0,56.0,38.0,18.0,15.0,3.0,6.0
130,2017-M001,Sydney,Hard,32,A,20170109,280,105723,,,Andrey Kuznetsov,R,185.0,RUS,25.880903490799998,48.0,935.0,105373,7.0,,Martin Klizan,L,190.0,SVK,27.498973306,35.0,1230.0,2-6 6-1 3-0 RET,3,R32,72.0,6.0,2.0,48.0,30.0,23.0,9.0,9.0,3.0,5.0,1.0,4.0,56.0,39.0,22.0,8.0,9.0,2.0,6.0
131,2017-M001,Sydney,Hard,32,A,20170109,279,104259,5.0,,Philipp Kohlschreiber,R,178.0,GER,33.234770705,32.0,1325.0,104926,,,Fabio Fognini,R,178.0,ITA,29.6317590691,47.0,945.0,6-4 6-4,3,R32,81.0,5.0,1.0,58.0,38.0,30.0,12.0,10.0,3.0,4.0,2.0,1.0,55.0,27.0,19.0,15.0,10.0,2.0,5.0
132,2017-M001,Sydney,Hard,32,A,20170109,278,111442,,WC,Jordan Thompson,R,,AUS,22.7241615332,75.0,699.0,105932,,LL,Nikoloz Basilashvili,R,,RUS,24.8788501027,94.0,624.0,7-5 6-2,3,R32,82.0,6.0,1.0,53.0,36.0,24.0,11.0,10.0,1.0,3.0,1.0,5.0,59.0,33.0,18.0,9.0,10.0,1.0,6.0
133,2017-M001,Sydney,Hard,32,A,20170109,277,103893,,,Paolo Lorenzi,R,183.0,ITA,35.0691307324,41.0,1090.0,104252,,,Florian Mayer,R,190.0,GER,33.2648870637,49.0,903.0,7-6(4) 4-6 7-6(5),3,R32,153.0,9.0,1.0,106.0,55.0,42.0,33.0,17.0,1.0,3.0,11.0,3.0,113.0,59.0,48.0,29.0,17.0,1.0,2.0
134,2017-M001,Sydney,Hard,32,A,20170109,275,104180,6.0,,Gilles Muller,L,193.0,LUX,33.6728268309,34.0,1255.0,105238,,,Alexandr Dolgopolov,R,180.0,UKR,28.1724845996,63.0,760.0,3-6 6-3 7-5,3,R32,127.0,14.0,6.0,96.0,56.0,44.0,20.0,15.0,2.0,3.0,8.0,6.0,100.0,65.0,49.0,17.0,15.0,5.0,7.0
135,2017-M001,Sydney,Hard,32,A,20170109,274,105881,,Q,Matthew Barton,R,,AUS,25.0622861054,198.0,282.0,106378,,,Kyle Edmund,R,,GBR,22.0041067762,45.0,989.0,7-6(3) 7-6(5),3,R32,103.0,17.0,4.0,78.0,48.0,39.0,17.0,12.0,2.0,2.0,11.0,4.0,82.0,45.0,38.0,17.0,12.0,2.0,2.0
136,2017-M001,Sydney,Hard,32,A,20170109,273,103917,,,Nicolas Mahut,R,190.0,FRA,34.9678302533,38.0,1122.0,105064,,,Thomaz Bellucci,L,188.0,BRA,29.029431896,62.0,771.0,6-2 7-6(2),3,R32,80.0,6.0,2.0,58.0,39.0,31.0,13.0,10.0,2.0,3.0,2.0,3.0,57.0,33.0,20.0,13.0,10.0,2.0,5.0
137,2017-M001,Sydney,Hard,32,A,20170109,271,105554,,,Daniel Evans,R,175.0,GBR,26.633812457199998,67.0,736.0,105723,,,Andrey Kuznetsov,R,185.0,RUS,25.880903490799998,48.0,935.0,6-2 3-6 6-3,3,SF,,,,,,,,,,,,,,,,,,,
138,2017-M001,Sydney,Hard,32,A,20170109,270,104180,6.0,,Gilles Muller,L,193.0,LUX,33.6728268309,34.0,1255.0,104678,3.0,,Viktor Troicki,R,193.0,SRB,30.9130732375,29.0,1385.0,6-3 7-6(6),3,SF,,,,,,,,,,,,,,,,,,,
139,2017-580,Australian Open,Hard,128,G,20170116,100,104918,1.0,,Andy Murray,R,190.0,GBR,29.6755646817,1.0,12560.0,105011,,,Illya Marchenko,R,185.0,UKR,29.357973990399998,95.0,624.0,7-5 7-6(5) 6-2,5,R128,167.0,10.0,4.0,112.0,54.0,45.0,25.0,16.0,2.0,5.0,6.0,6.0,99.0,53.0,35.0,19.0,16.0,2.0,8.0
140,2017-580,Australian Open,Hard,128,G,20170116,101,126094,,,Andrey Rublev,R,,RUS,19.241615332000002,152.0,383.0,104229,,,Yen Hsun Lu,R,180.0,TPE,33.4264202601,60.0,786.0,4-6 6-3 7-6(0) 6-3,5,R128,170.0,19.0,6.0,142.0,76.0,59.0,33.0,20.0,19.0,22.0,16.0,7.0,117.0,65.0,47.0,25.0,20.0,3.0,7.0
141,2017-580,Australian Open,Hard,128,G,20170116,102,200282,,,Alex De Minaur,R,,AUS,17.9137577002,301.0,164.0,105589,,,Gerald Melzer,L,,AUT,26.5133470226,87.0,648.0,5-7 6-3 2-6 7-6(2) 6-1,5,R128,222.0,12.0,7.0,167.0,96.0,65.0,34.0,24.0,12.0,19.0,4.0,6.0,157.0,105.0,65.0,25.0,24.0,13.0,20.0
142,2017-580,Australian Open,Hard,128,G,20170116,103,105023,31.0,,Sam Querrey,R,198.0,USA,29.278576317600002,32.0,1355.0,111460,,,Quentin Halys,R,,FRA,20.2245037645,155.0,379.0,6-7(10) 7-6(4) 6-3 6-4,5,R128,165.0,31.0,10.0,133.0,81.0,72.0,23.0,22.0,3.0,6.0,24.0,9.0,151.0,89.0,66.0,33.0,21.0,11.0,16.0
143,2017-580,Australian Open,Hard,128,G,20170116,104,104545,19.0,,John Isner,R,206.0,USA,31.726214921300002,19.0,1850.0,104505,,,Konstantin Kravchuk,R,190.0,RUS,31.895961670100004,88.0,642.0,6-3 6-4 6-7(5) 6-1,5,R128,143.0,33.0,6.0,111.0,79.0,67.0,20.0,19.0,2.0,2.0,19.0,4.0,112.0,74.0,59.0,17.0,19.0,6.0,10.0
144,2017-580,Australian Open,Hard,128,G,20170116,105,104999,,,Mischa Zverev,L,190.0,GER,29.4045174538,50.0,894.0,104198,,,Guillermo Garcia Lopez,R,188.0,ESP,33.620807666,74.0,700.0,6-3 7-6(5) 6-4,5,R128,132.0,8.0,2.0,100.0,69.0,50.0,14.0,16.0,5.0,8.0,3.0,4.0,99.0,53.0,35.0,21.0,15.0,5.0,11.0
145,2017-580,Australian Open,Hard,128,G,20170116,106,104291,,,Malek Jaziri,R,185.0,TUN,32.9911019849,56.0,824.0,104424,,,Go Soeda,R,178.0,JPN,32.3641341547,139.0,431.0,6-3 6-4 6-3,5,R128,120.0,7.0,4.0,77.0,35.0,30.0,23.0,14.0,2.0,4.0,5.0,2.0,99.0,53.0,36.0,16.0,14.0,8.0,14.0
146,2017-580,Australian Open,Hard,128,G,20170116,107,122330,,,Alexander Bublik,R,,RUS,19.5838466804,207.0,268.0,106298,16.0,,Lucas Pouille,R,,FRA,22.8966461328,16.0,2131.0,6-0 3-6 6-3 6-4,5,R128,103.0,16.0,9.0,95.0,50.0,43.0,19.0,17.0,3.0,6.0,6.0,7.0,95.0,55.0,40.0,14.0,17.0,4.0,11.0
147,2017-580,Australian Open,Hard,128,G,20170116,108,104607,10.0,,Tomas Berdych,R,196.0,CZE,31.3319644079,10.0,3060.0,104563,,,Luca Vanni,R,,ITA,31.6194387406,157.0,373.0,6-1 RET,5,R128,32.0,2.0,2.0,22.0,10.0,8.0,9.0,4.0,1.0,1.0,1.0,2.0,26.0,16.0,8.0,4.0,3.0,1.0,3.0
148,2017-580,Australian Open,Hard,128,G,20170116,109,105992,,,Ryan Harrison,R,183.0,USA,24.6954140999,82.0,664.0,103917,,,Nicolas Mahut,R,190.0,FRA,34.9869952088,41.0,1085.0,6-3 6-4 6-2,5,R128,122.0,8.0,3.0,77.0,49.0,38.0,14.0,14.0,4.0,6.0,1.0,5.0,95.0,56.0,33.0,16.0,13.0,8.0,14.0
149,2017-580,Australian Open,Hard,128,G,20170116,110,111511,,,Noah Rubin,R,,USA,20.9034907598,200.0,274.0,106216,,,Bjorn Fratangelo,R,,USA,23.4962354552,113.0,519.0,6-7(4) 7-5 3-6 6-2 6-2,5,R128,188.0,15.0,6.0,160.0,94.0,70.0,31.0,25.0,5.0,10.0,9.0,8.0,174.0,112.0,78.0,21.0,24.0,6.0,14.0
150,2017-580,Australian Open,Hard,128,G,20170116,111,103819,17.0,,Roger Federer,R,185.0,SUI,35.4414784394,17.0,1980.0,103781,,,Jurgen Melzer,L,183.0,AUT,35.6550308008,300.0,164.0,7-5 3-6 6-2 6-2,5,R128,125.0,19.0,1.0,103.0,66.0,51.0,20.0,19.0,1.0,4.0,4.0,1.0,111.0,83.0,47.0,15.0,18.0,2.0,9.0
151,2017-580,Australian Open,Hard,128,G,20170116,112,105041,,,Lukas Lacko,R,185.0,SVK,29.2046543463,121.0,486.0,105077,26.0,,Albert Ramos,L,188.0,ESP,28.9993155373,26.0,1435.0,4-6 7-5 1-6 6-4 6-3,5,R128,200.0,17.0,4.0,140.0,86.0,64.0,30.0,24.0,8.0,12.0,21.0,11.0,151.0,86.0,63.0,32.0,24.0,7.0,11.0
152,2017-580,Australian Open,Hard,128,G,20170116,113,104534,,,Dudi Sela,R,175.0,ISR,31.786447638600002,67.0,731.0,104719,,,Marcel Granollers,R,190.0,ESP,30.765229295,38.0,1123.0,5-7 6-3 6-2 6-0,5,R128,154.0,1.0,3.0,113.0,84.0,54.0,13.0,18.0,4.0,8.0,4.0,2.0,112.0,69.0,38.0,16.0,17.0,8.0,18.0
153,2017-580,Australian Open,Hard,128,G,20170116,114,104871,,,Jeremy Chardy,R,188.0,FRA,29.9274469541,72.0,705.0,104597,,,Nicolas Almagro,R,183.0,ESP,31.405886379200002,42.0,1040.0,4-0 RET,5,R128,23.0,3.0,3.0,20.0,13.0,10.0,3.0,2.0,2.0,2.0,1.0,1.0,15.0,6.0,3.0,2.0,2.0,0.0,2.0
154,2017-580,Australian Open,Hard,128,G,20170116,115,105453,5.0,,Kei Nishikori,R,178.0,JPN,27.0499657769,5.0,5010.0,105723,,,Andrey Kuznetsov,R,185.0,RUS,25.9000684463,45.0,1015.0,5-7 6-1 6-4 6-7(6) 6-2,5,R128,214.0,11.0,0.0,158.0,98.0,67.0,34.0,25.0,7.0,12.0,5.0,4.0,142.0,78.0,52.0,27.0,24.0,3.0,12.0
155,2017-580,Australian Open,Hard,128,G,20170116,116,104527,4.0,,Stanislas Wawrinka,R,183.0,SUI,31.805612594099998,4.0,5155.0,105373,,,Martin Klizan,L,190.0,SVK,27.518138261500003,34.0,1230.0,4-6 6-4 7-5 4-6 6-4,5,R128,204.0,21.0,6.0,160.0,102.0,78.0,27.0,26.0,11.0,16.0,7.0,2.0,157.0,120.0,77.0,24.0,26.0,10.0,16.0
156,2017-580,Australian Open,Hard,128,G,20170116,117,105449,,,Steve Johnson,R,188.0,USA,27.0636550308,30.0,1390.0,105643,,,Federico Delbonis,L,190.0,ARG,26.2833675565,44.0,1030.0,6-3 6-4 6-4,5,R128,120.0,17.0,1.0,79.0,43.0,40.0,23.0,15.0,2.0,2.0,2.0,5.0,85.0,49.0,37.0,15.0,14.0,3.0,6.0
157,2017-580,Australian Open,Hard,128,G,20170116,118,103893,,,Paolo Lorenzi,R,183.0,ITA,35.0882956879,43.0,1033.0,105902,,,James Duckworth,R,183.0,AUS,24.9883641342,107.0,557.0,6-4 7-6(4) 6-7(4) 6-4,5,R128,195.0,10.0,5.0,141.0,81.0,64.0,30.0,22.0,7.0,9.0,8.0,7.0,142.0,71.0,56.0,35.0,22.0,3.0,7.0
158,2017-580,Australian Open,Hard,128,G,20170116,119,104678,29.0,,Viktor Troicki,R,193.0,SRB,30.932238193000003,35.0,1225.0,106000,,,Damir Dzumhur,R,172.0,BIH,24.659822039699996,78.0,694.0,6-4 6-4 2-6 2-6 6-3,5,R128,166.0,14.0,2.0,123.0,79.0,57.0,25.0,23.0,5.0,11.0,1.0,8.0,143.0,80.0,57.0,31.0,22.0,10.0,15.0
159,2017-580,Australian Open,Hard,128,G,20170116,120,106043,,,Diego Sebastian Schwartzman,R,,ARG,24.4188911704,54.0,867.0,104655,22.0,,Pablo Cuevas,R,180.0,URU,31.041752224499998,22.0,1780.0,6-3 6-3 6-0,5,R128,82.0,6.0,4.0,72.0,42.0,30.0,22.0,12.0,3.0,4.0,7.0,6.0,80.0,44.0,25.0,13.0,12.0,2.0,9.0
160,2017-580,Australian Open,Hard,128,G,20170116,121,104327,,,Steve Darcis,R,178.0,BEL,32.845995893200005,71.0,707.0,105032,,,Samuel Groth,R,,AUS,29.2457221081,162.0,355.0,3-6 6-3 6-2 6-2,5,R128,130.0,3.0,0.0,91.0,58.0,48.0,18.0,17.0,1.0,2.0,19.0,8.0,115.0,63.0,44.0,24.0,17.0,5.0,10.0
161,2017-580,Australian Open,Hard,128,G,20170116,122,104312,,,Andreas Seppi,R,190.0,ITA,32.9034907598,89.0,635.0,103908,,,Paul Henri Mathieu,R,185.0,FRA,35.0116358658,75.0,700.0,6-4 7-6(4) 6-7(3) 7-5,5,R128,185.0,34.0,7.0,159.0,94.0,75.0,38.0,23.0,13.0,14.0,16.0,8.0,148.0,85.0,63.0,38.0,23.0,7.0,10.0
162,2017-580,Australian Open,Hard,128,G,20170116,123,106401,14.0,,Nick Kyrgios,R,,AUS,21.7248459959,13.0,2460.0,105671,,,Gastao Elias,R,178.0,POR,26.146475017100002,77.0,698.0,6-1 6-2 6-2,5,R128,84.0,8.0,3.0,64.0,37.0,30.0,21.0,12.0,0.0,0.0,4.0,3.0,67.0,34.0,20.0,13.0,11.0,5.0,11.0
163,2017-580,Australian Open,Hard,128,G,20170116,124,104542,12.0,,Jo Wilfried Tsonga,R,188.0,FRA,31.750855578400003,12.0,2505.0,106329,,,Thiago Monteiro,L,,BRA,22.6310746064,83.0,664.0,6-1 6-3 6-7(5) 6-2,5,R128,143.0,20.0,5.0,103.0,49.0,43.0,34.0,18.0,3.0,4.0,4.0,8.0,111.0,60.0,39.0,24.0,18.0,7.0,14.0
164,2017-580,Australian Open,Hard,128,G,20170116,125,105583,,,Dusan Lajovic,R,180.0,SRB,26.5489390828,94.0,627.0,103565,,,Stephane Robert,R,185.0,FRA,36.6680355921,55.0,854.0,6-3 6-3 6-3,5,R128,119.0,4.0,4.0,96.0,57.0,42.0,17.0,14.0,7.0,9.0,3.0,5.0,100.0,54.0,29.0,23.0,13.0,7.0,13.0
165,2017-580,Australian Open,Hard,128,G,20170116,126,111575,,,Karen Khachanov,R,,RUS,20.6570841889,52.0,875.0,105173,,,Adrian Mannarino,L,183.0,FRA,28.550308008200002,61.0,781.0,6-4 3-6 7-6(9) 6-3,5,R128,166.0,32.0,4.0,126.0,76.0,66.0,25.0,20.0,5.0,6.0,8.0,1.0,142.0,91.0,65.0,29.0,20.0,7.0,10.0
166,2017-580,Australian Open,Hard,128,G,20170116,127,106058,23.0,,Jack Sock,R,185.0,USA,24.3121149897,20.0,1810.0,105732,,,Pierre Hugues Herbert,R,,FRA,25.8343600274,73.0,705.0,6-4 7-6(4) 6-3,5,R128,132.0,10.0,6.0,105.0,69.0,56.0,15.0,16.0,5.0,6.0,14.0,4.0,104.0,68.0,49.0,16.0,15.0,9.0,12.0
167,2017-580,Australian Open,Hard,128,G,20170116,128,106071,27.0,,Bernard Tomic,R,193.0,AUS,24.2381930185,27.0,1420.0,105064,,,Thomaz Bellucci,L,188.0,BRA,29.0485968515,62.0,771.0,6-2 6-1 6-4,5,R128,97.0,12.0,2.0,70.0,44.0,39.0,17.0,13.0,3.0,3.0,10.0,3.0,83.0,53.0,33.0,12.0,12.0,7.0,12.0
168,2017-580,Australian Open,Hard,128,G,20170116,129,103607,,,Victor Estrella,R,173.0,DOM,36.4572210815,103.0,586.0,105379,,,Aljaz Bedene,R,181.0,GBR,27.498973306,109.0,547.0,7-6(7) 7-5 0-6 6-3,5,R128,189.0,4.0,6.0,143.0,99.0,63.0,20.0,20.0,9.0,15.0,10.0,8.0,135.0,73.0,51.0,31.0,19.0,5.0,10.0
169,2017-580,Australian Open,Hard,128,G,20170116,130,105554,,,Daniel Evans,R,175.0,GBR,26.6529774127,51.0,886.0,105487,,,Facundo Bagnis,L,,ARG,26.8856947296,65.0,739.0,7-6(8) 6-3 6-1,5,R128,115.0,14.0,3.0,88.0,53.0,44.0,21.0,14.0,2.0,2.0,11.0,4.0,94.0,50.0,34.0,18.0,14.0,6.0,10.0
170,2017-580,Australian Open,Hard,128,G,20170116,131,105227,7.0,,Marin Cilic,R,198.0,CRO,28.301163586599998,7.0,3605.0,105668,,,Jerzy Janowicz,R,203.0,POL,26.176591375799998,273.0,186.0,4-6 4-6 6-2 6-2 6-3,5,R128,184.0,26.0,8.0,123.0,71.0,60.0,30.0,23.0,2.0,4.0,18.0,7.0,145.0,99.0,63.0,26.0,22.0,6.0,12.0
171,2017-580,Australian Open,Hard,128,G,20170116,132,104792,6.0,,Gael Monfils,R,193.0,FRA,30.376454483200003,6.0,3625.0,106210,,,Jiri Vesely,L,,CZE,23.5208761123,53.0,873.0,6-2 6-3 6-2,5,R128,92.0,4.0,3.0,71.0,34.0,27.0,26.0,13.0,2.0,3.0,2.0,8.0,75.0,47.0,28.0,11.0,12.0,6.0,12.0
172,2017-580,Australian Open,Hard,128,G,20170116,133,105238,,,Alexandr Dolgopolov,R,180.0,UKR,28.191649555100003,69.0,715.0,106432,,,Borna Coric,R,,CRO,20.1724845996,59.0,795.0,6-3 6-4 3-6 7-6(7),5,R128,177.0,14.0,9.0,132.0,75.0,58.0,29.0,20.0,6.0,9.0,13.0,7.0,134.0,80.0,56.0,26.0,20.0,7.0,11.0
173,2017-580,Australian Open,Hard,128,G,20170116,134,105385,,,Donald Young,L,183.0,USA,27.485284051999997,85.0,651.0,105341,,,Thomas Fabbiano,R,,ITA,27.6440793977,141.0,427.0,6-4 7-6(1) 6-4,5,R128,150.0,8.0,6.0,118.0,67.0,48.0,23.0,16.0,10.0,14.0,1.0,5.0,114.0,65.0,35.0,27.0,16.0,7.0,13.0
174,2017-580,Australian Open,Hard,128,G,20170116,135,104259,32.0,,Philipp Kohlschreiber,R,178.0,GER,33.253935660500005,33.0,1325.0,105932,,,Nikoloz Basilashvili,R,,RUS,24.898015058200002,92.0,630.0,6-4 3-6 7-6(2) 6-4,5,R128,151.0,12.0,4.0,114.0,66.0,51.0,28.0,21.0,4.0,7.0,3.0,2.0,137.0,95.0,64.0,21.0,20.0,3.0,7.0
175,2017-580,Australian Open,Hard,128,G,20170116,136,100644,24.0,,Alexander Zverev,R,,GER,19.742642026,24.0,1655.0,104898,,,Robin Haase,R,190.0,NED,29.782340862399998,57.0,808.0,6-2 3-6 5-7 6-3 6-2,5,R128,174.0,17.0,10.0,144.0,92.0,69.0,24.0,23.0,12.0,16.0,13.0,11.0,140.0,81.0,60.0,24.0,23.0,7.0,14.0
176,2017-580,Australian Open,Hard,128,G,20170116,137,126207,,,Francis Tiafoe,R,,USA,18.9897330595,108.0,550.0,105062,,,Mikhail Kukushkin,R,183.0,KAZ,29.0595482546,98.0,602.0,6-1 6-7(3) 6-3 6-2,5,R128,157.0,13.0,4.0,114.0,63.0,51.0,28.0,18.0,4.0,5.0,9.0,3.0,111.0,65.0,44.0,22.0,18.0,8.0,14.0
177,2017-580,Australian Open,Hard,128,G,20170116,138,104571,,,Marcos Baghdatis,R,183.0,CYP,31.5838466804,36.0,1210.0,104022,,,Mikhail Youzhny,R,183.0,RUS,34.562628336799996,70.0,707.0,6-3 3-0 RET,5,R128,65.0,4.0,1.0,36.0,17.0,15.0,11.0,6.0,2.0,2.0,1.0,2.0,49.0,31.0,18.0,7.0,6.0,7.0,10.0
178,2017-580,Australian Open,Hard,128,G,20170116,139,104745,9.0,,Rafael Nadal,L,185.0,ESP,30.6228610541,9.0,3195.0,104252,,,Florian Mayer,R,190.0,GER,33.284052019200004,49.0,903.0,6-3 6-4 6-4,5,R128,124.0,6.0,0.0,76.0,53.0,41.0,19.0,15.0,0.0,0.0,7.0,1.0,102.0,66.0,41.0,22.0,14.0,9.0,12.0
179,2017-580,Australian Open,Hard,128,G,20170116,140,105138,13.0,,Roberto Bautista Agut,R,,ESP,28.758384668,14.0,2350.0,105550,,,Guido Pella,L,,ARG,26.6694045175,81.0,685.0,6-3 6-1 6-1,5,R128,83.0,7.0,1.0,60.0,38.0,37.0,12.0,12.0,1.0,1.0,5.0,5.0,67.0,40.0,23.0,8.0,11.0,6.0,12.0
180,2017-580,Australian Open,Hard,128,G,20170116,141,106415,,,Yoshihito Nishioka,L,,JPN,21.3059548255,99.0,602.0,106109,,,Alex Bolt,L,,AUS,24.0301163587,632.0,46.0,6-4 1-6 6-2 6-4,5,R128,150.0,1.0,4.0,115.0,67.0,46.0,26.0,18.0,4.0,7.0,19.0,5.0,118.0,72.0,50.0,20.0,17.0,5.0,10.0
181,2017-580,Australian Open,Hard,128,G,20170116,142,124014,,,Ernesto Escobedo,R,,USA,20.5366187543,131.0,455.0,106421,,,Daniil Medvedev,R,,RUS,20.9308692676,63.0,751.0,7-5 4-6 7-6(5) 6-1,5,R128,156.0,9.0,3.0,122.0,68.0,52.0,35.0,21.0,4.0,5.0,12.0,9.0,135.0,79.0,61.0,29.0,20.0,7.0,11.0
182,2017-580,Australian Open,Hard,128,G,20170116,143,103970,21.0,,David Ferrer,R,175.0,ESP,34.7926078029,23.0,1740.0,117357,,,Omar Jasika,L,,AUS,19.665982204000002,290.0,172.0,6-3 6-0 6-2,5,R128,85.0,4.0,2.0,67.0,44.0,38.0,11.0,12.0,1.0,1.0,1.0,5.0,68.0,41.0,25.0,9.0,11.0,6.0,12.0
183,2017-580,Australian Open,Hard,128,G,20170116,144,104468,25.0,,Gilles Simon,R,183.0,FRA,32.054757015700005,25.0,1585.0,111581,,,Michael Mmoh,R,,USA,19.0171115674,190.0,297.0,6-1 6-3 6-3,5,R128,110.0,2.0,3.0,83.0,39.0,25.0,31.0,13.0,4.0,5.0,4.0,4.0,77.0,51.0,28.0,10.0,12.0,2.0,8.0
184,2017-580,Australian Open,Hard,128,G,20170116,145,104297,,,Rogerio Dutra Silva,R,178.0,BRA,32.9527720739,100.0,600.0,111577,,,Jared Donaldson,R,,USA,20.2710472279,101.0,596.0,3-6 0-6 6-1 6-4 6-4,5,R128,185.0,13.0,3.0,130.0,77.0,54.0,26.0,21.0,7.0,12.0,9.0,5.0,132.0,78.0,52.0,29.0,21.0,8.0,13.0
185,2017-580,Australian Open,Hard,128,G,20170116,146,104180,,,Gilles Muller,L,193.0,LUX,33.691991786399996,28.0,1415.0,126203,,,Taylor Harry Fritz,R,,USA,19.2197125257,93.0,628.0,7-6(6) 7-6(5) 6-3,5,R128,134.0,30.0,4.0,108.0,70.0,58.0,22.0,17.0,6.0,6.0,12.0,4.0,103.0,70.0,53.0,18.0,16.0,0.0,1.0
186,2017-580,Australian Open,Hard,128,G,20170116,147,105683,3.0,,Milos Raonic,R,196.0,CAN,26.056125941100003,3.0,5290.0,104460,,,Dustin Brown,R,196.0,GER,32.1067761807,66.0,738.0,6-3 6-4 6-2,5,R128,92.0,18.0,5.0,79.0,50.0,41.0,18.0,14.0,3.0,3.0,3.0,7.0,93.0,55.0,34.0,20.0,13.0,6.0,10.0
187,2017-580,Australian Open,Hard,128,G,20170116,148,106233,8.0,,Dominic Thiem,R,,AUT,23.370294319,8.0,3415.0,105526,,,Jan Lennard Struff,R,,GER,26.7296372348,58.0,796.0,4-6 6-4 6-4 6-3,5,R128,174.0,12.0,9.0,132.0,62.0,52.0,30.0,20.0,8.0,10.0,13.0,10.0,140.0,74.0,59.0,26.0,19.0,14.0,19.0
188,2017-580,Australian Open,Hard,128,G,20170116,149,111442,,,Jordan Thompson,R,,AUS,22.7433264887,76.0,699.0,105311,,,Joao Sousa,R,,POR,27.8001368925,37.0,1135.0,6-7(2) 4-6 6-3 6-2 6-1,5,R128,201.0,23.0,1.0,146.0,97.0,71.0,26.0,23.0,8.0,11.0,4.0,5.0,132.0,73.0,49.0,31.0,23.0,5.0,13.0
189,2017-580,Australian Open,Hard,128,G,20170116,150,105332,,,Benoit Paire,R,196.0,FRA,27.693360711799997,47.0,960.0,103163,,,Tommy Haas,R,188.0,GER,38.7898699521,,,7-6(2) 6-4 RET,5,R128,97.0,22.0,4.0,74.0,43.0,35.0,16.0,11.0,1.0,2.0,4.0,5.0,84.0,45.0,25.0,24.0,11.0,3.0,5.0
190,2017-580,Australian Open,Hard,128,G,20170116,151,104926,,,Fabio Fognini,R,178.0,ITA,29.650924024600002,48.0,945.0,103852,28.0,,Feliciano Lopez,L,188.0,ESP,35.3237508556,29.0,1410.0,7-5 6-3 7-5,5,R128,123.0,5.0,3.0,81.0,43.0,38.0,23.0,17.0,0.0,2.0,13.0,8.0,133.0,71.0,48.0,24.0,16.0,22.0,28.0
191,2017-580,Australian Open,Hard,128,G,20170116,152,103333,20.0,,Ivo Karlovic,R,208.0,CRO,37.8836413415,21.0,1795.0,104547,,,Horacio Zeballos,L,188.0,ARG,31.723477070500003,68.0,725.0,6-7(6) 3-6 7-5 6-2 22-20,5,R128,314.0,75.0,12.0,213.0,140.0,127.0,44.0,42.0,3.0,4.0,33.0,9.0,237.0,152.0,125.0,49.0,41.0,5.0,9.0
192,2017-580,Australian Open,Hard,128,G,20170116,153,106225,,,Andrew Whittington,R,,AUS,23.4332648871,194.0,289.0,106361,,,Adam Pavlasek,R,,CZE,22.2751540041,86.0,649.0,6-4 4-6 6-2 6-3,5,R128,145.0,12.0,10.0,112.0,65.0,49.0,26.0,19.0,5.0,7.0,13.0,3.0,107.0,66.0,47.0,16.0,18.0,3.0,9.0
193,2017-580,Australian Open,Hard,128,G,20170116,154,103285,,,Radek Stepanek,R,185.0,CZE,38.1382614648,102.0,595.0,104098,,,Dmitry Tursunov,R,185.0,RUS,34.0971937029,405.0,105.0,6-2 7-6(1) 6-3,5,R128,119.0,15.0,4.0,99.0,64.0,51.0,21.0,15.0,4.0,4.0,5.0,5.0,87.0,58.0,39.0,13.0,14.0,5.0,8.0
194,2017-580,Australian Open,Hard,128,G,20170116,155,105676,11.0,,David Goffin,R,163.0,BEL,26.1108829569,11.0,2750.0,124187,,,Reilly Opelka,U,,USA,19.3867214237,208.0,267.0,6-4 4-6 6-2 4-6 6-4,5,R128,176.0,13.0,7.0,148.0,79.0,61.0,42.0,24.0,6.0,8.0,21.0,7.0,144.0,85.0,64.0,28.0,24.0,2.0,6.0
195,2017-580,Australian Open,Hard,128,G,20170116,156,105777,15.0,,Grigor Dimitrov,R,188.0,BUL,25.6728268309,15.0,2135.0,106331,,,Christopher Oconnell,U,,AUS,22.6228610541,231.0,228.0,7-6(2) 6-3 6-3,5,R128,121.0,15.0,0.0,81.0,47.0,46.0,21.0,15.0,0.0,0.0,6.0,1.0,110.0,64.0,44.0,23.0,15.0,10.0,13.0
196,2017-580,Australian Open,Hard,128,G,20170116,157,111202,,,Hyeon Chung,R,,KOR,20.6625598905,105.0,583.0,105952,,,Renzo Olivo,R,,ARG,24.8405201916,79.0,693.0,6-2 6-3 6-2,5,R128,105.0,4.0,1.0,69.0,39.0,27.0,21.0,13.0,1.0,2.0,6.0,7.0,80.0,38.0,24.0,16.0,12.0,9.0,16.0
197,2017-580,Australian Open,Hard,128,G,20170116,158,104122,,,Carlos Berlocq,R,183.0,ARG,33.9520876112,90.0,632.0,105430,,,Radu Albot,R,,MDA,27.1813826146,96.0,614.0,6-4 7-6(4) 5-7 7-6(8),5,R128,236.0,18.0,5.0,157.0,92.0,70.0,34.0,23.0,8.0,12.0,7.0,2.0,154.0,110.0,74.0,25.0,23.0,5.0,9.0
198,2017-580,Australian Open,Hard,128,G,20170116,159,104755,18.0,,Richard Gasquet,R,185.0,FRA,30.5817932923,18.0,1885.0,106425,,,Blake Mott,U,,AUS,20.7392197125,287.0,173.0,6-4 6-4 6-2,5,R128,113.0,2.0,1.0,82.0,53.0,38.0,20.0,14.0,0.0,1.0,7.0,3.0,78.0,49.0,31.0,15.0,14.0,3.0,8.0
199,2017-580,Australian Open,Hard,128,G,20170116,160,105807,30.0,,Pablo Carreno Busta,R,,ESP,25.5167693361,31.0,1370.0,105166,,,Peter Polansky,R,180.0,CAN,28.5886379192,132.0,454.0,6-0 3-6 3-6 6-2 3-0 RET,5,R128,143.0,20.0,8.0,101.0,59.0,49.0,19.0,18.0,3.0,7.0,10.0,5.0,123.0,73.0,41.0,22.0,17.0,13.0,20.0
200,2017-580,Australian Open,Hard,128,G,20170116,161,106378,,,Kyle Edmund,R,,GBR,22.0232717317,46.0,989.0,105053,,,Santiago Giraldo,R,188.0,COL,29.1389459274,91.0,631.0,6-2 7-5 6-3,5,R128,110.0,12.0,2.0,78.0,43.0,39.0,20.0,15.0,0.0,1.0,6.0,4.0,85.0,48.0,32.0,17.0,14.0,5.0,10.0
201,2017-580,Australian Open,Hard,128,G,20170116,162,104797,,,Denis Istomin,R,188.0,UZB,30.3600273785,117.0,498.0,104471,,,Ivan Dodig,R,183.0,CRO,32.038329911,170.0,336.0,6-1 6-4 3-6 7-5,5,R128,154.0,14.0,2.0,119.0,78.0,61.0,19.0,19.0,8.0,11.0,7.0,11.0,113.0,65.0,47.0,20.0,19.0,3.0,9.0
202,2017-580,Australian Open,Hard,128,G,20170116,163,104925,2.0,,Novak Djokovic,R,188.0,SRB,29.6563997262,2.0,11780.0,104269,,,Fernando Verdasco,L,188.0,ESP,33.1718001369,40.0,1105.0,6-1 7-6(4) 6-2,5,R128,140.0,2.0,2.0,94.0,58.0,44.0,18.0,14.0,3.0,5.0,5.0,5.0,106.0,55.0,33.0,20.0,13.0,10.0,16.0
203,2017-580,Australian Open,Hard,128,G,20170116,164,104918,1.0,,Andy Murray,R,190.0,GBR,29.6755646817,1.0,12560.0,126094,,,Andrey Rublev,R,,RUS,19.241615332000002,152.0,383.0,6-3 6-0 6-2,5,R64,96.0,9.0,2.0,69.0,44.0,34.0,17.0,12.0,0.0,0.0,2.0,3.0,65.0,27.0,19.0,14.0,11.0,1.0,7.0
204,2017-580,Australian Open,Hard,128,G,20170116,165,105023,31.0,,Sam Querrey,R,198.0,USA,29.278576317600002,32.0,1355.0,200282,,,Alex De Minaur,R,,AUS,17.9137577002,301.0,164.0,7-6(5) 6-0 6-1,5,R64,108.0,9.0,9.0,89.0,46.0,43.0,21.0,13.0,3.0,3.0,1.0,4.0,100.0,68.0,44.0,8.0,12.0,8.0,13.0
205,2017-580,Australian Open,Hard,128,G,20170116,166,104999,,,Mischa Zverev,L,190.0,GER,29.4045174538,50.0,894.0,104545,19.0,,John Isner,R,206.0,USA,31.726214921300002,19.0,1850.0,6-7(4) 6-7(4) 6-4 7-6(7) 9-7,5,R64,250.0,22.0,13.0,212.0,128.0,107.0,43.0,31.0,16.0,17.0,33.0,4.0,203.0,143.0,106.0,36.0,31.0,13.0,16.0
206,2017-580,Australian Open,Hard,128,G,20170116,167,104291,,,Malek Jaziri,R,185.0,TUN,32.9911019849,56.0,824.0,122330,,,Alexander Bublik,R,,RUS,19.5838466804,207.0,268.0,6-2 6-3 7-5,5,R64,97.0,8.0,4.0,82.0,48.0,34.0,20.0,15.0,7.0,10.0,15.0,4.0,92.0,50.0,30.0,14.0,14.0,4.0,12.0
207,2017-580,Australian Open,Hard,128,G,20170116,168,104607,10.0,,Tomas Berdych,R,196.0,CZE,31.3319644079,10.0,3060.0,105992,,,Ryan Harrison,R,183.0,USA,24.6954140999,82.0,664.0,6-3 7-6(6) 6-2,5,R64,125.0,15.0,2.0,75.0,48.0,43.0,16.0,15.0,2.0,3.0,6.0,11.0,129.0,68.0,46.0,22.0,14.0,10.0,15.0
208,2017-580,Australian Open,Hard,128,G,20170116,169,103819,17.0,,Roger Federer,R,185.0,SUI,35.4414784394,17.0,1980.0,111511,,,Noah Rubin,R,,USA,20.9034907598,200.0,274.0,7-5 6-3 7-6(3),5,R64,123.0,17.0,2.0,112.0,67.0,55.0,25.0,17.0,5.0,6.0,2.0,3.0,102.0,57.0,36.0,28.0,16.0,5.0,8.0
209,2017-580,Australian Open,Hard,128,G,20170116,170,105041,,,Lukas Lacko,R,185.0,SVK,29.2046543463,121.0,486.0,104534,,,Dudi Sela,R,175.0,ISR,31.786447638600002,67.0,731.0,2-6 6-3 6-2 6-4,5,R64,135.0,8.0,1.0,118.0,66.0,45.0,28.0,18.0,8.0,12.0,5.0,5.0,98.0,68.0,42.0,16.0,17.0,5.0,11.0
210,2017-580,Australian Open,Hard,128,G,20170116,171,105453,5.0,,Kei Nishikori,R,178.0,JPN,27.0499657769,5.0,5010.0,104871,,,Jeremy Chardy,R,188.0,FRA,29.9274469541,72.0,705.0,6-3 6-4 6-3,5,R64,126.0,2.0,0.0,88.0,61.0,41.0,15.0,14.0,6.0,9.0,5.0,5.0,94.0,54.0,32.0,16.0,14.0,11.0,18.0
211,2017-580,Australian Open,Hard,128,G,20170116,172,104527,4.0,,Stanislas Wawrinka,R,183.0,SUI,31.805612594099998,4.0,5155.0,105449,,,Steve Johnson,R,188.0,USA,27.0636550308,30.0,1390.0,6-3 6-4 6-4,5,R64,111.0,11.0,4.0,88.0,54.0,47.0,19.0,15.0,5.0,5.0,6.0,0.0,93.0,66.0,44.0,14.0,14.0,8.0,11.0
212,2017-580,Australian Open,Hard,128,G,20170116,173,104678,29.0,,Viktor Troicki,R,193.0,SRB,30.932238193000003,35.0,1225.0,103893,,,Paolo Lorenzi,R,183.0,ITA,35.0882956879,43.0,1033.0,6-3 1-6 7-6(3) 3-6 6-3,5,R64,227.0,21.0,6.0,154.0,84.0,65.0,34.0,23.0,12.0,16.0,8.0,8.0,160.0,98.0,68.0,32.0,23.0,8.0,11.0
213,2017-580,Australian Open,Hard,128,G,20170116,174,104327,,,Steve Darcis,R,178.0,BEL,32.845995893200005,71.0,707.0,106043,,,Diego Sebastian Schwartzman,R,,ARG,24.4188911704,54.0,867.0,6-3 6-3 2-6 6-4,5,R64,152.0,5.0,0.0,114.0,80.0,57.0,16.0,18.0,5.0,8.0,5.0,5.0,118.0,67.0,46.0,24.0,18.0,5.0,10.0
214,2017-580,Australian Open,Hard,128,G,20170116,175,104312,,,Andreas Seppi,R,190.0,ITA,32.9034907598,89.0,635.0,106401,14.0,,Nick Kyrgios,R,,AUS,21.7248459959,13.0,2460.0,1-6 6-7(1) 6-4 6-2 10-8,5,R64,188.0,16.0,4.0,149.0,85.0,65.0,41.0,28.0,7.0,10.0,28.0,8.0,171.0,118.0,88.0,27.0,27.0,7.0,12.0
215,2017-580,Australian Open,Hard,128,G,20170116,176,104542,12.0,,Jo Wilfried Tsonga,R,188.0,FRA,31.750855578400003,12.0,2505.0,105583,,,Dusan Lajovic,R,180.0,SRB,26.5489390828,94.0,627.0,6-2 6-2 6-3,5,R64,105.0,15.0,2.0,79.0,45.0,38.0,17.0,13.0,3.0,4.0,1.0,0.0,85.0,57.0,30.0,13.0,12.0,9.0,15.0
216,2017-580,Australian Open,Hard,128,G,20170116,177,106058,23.0,,Jack Sock,R,185.0,USA,24.3121149897,20.0,1810.0,111575,,,Karen Khachanov,R,,RUS,20.6570841889,52.0,875.0,6-3 6-4 6-4,5,R64,134.0,7.0,5.0,107.0,63.0,51.0,20.0,15.0,8.0,9.0,10.0,6.0,111.0,58.0,41.0,22.0,14.0,11.0,15.0
217,2017-580,Australian Open,Hard,128,G,20170116,178,106071,27.0,,Bernard Tomic,R,193.0,AUS,24.2381930185,27.0,1420.0,103607,,,Victor Estrella,R,173.0,DOM,36.4572210815,103.0,586.0,7-5 7-6(4) 4-6 7-6(5),5,R64,200.0,19.0,2.0,134.0,96.0,77.0,21.0,23.0,3.0,5.0,13.0,7.0,164.0,104.0,77.0,31.0,23.0,6.0,8.0
218,2017-580,Australian Open,Hard,128,G,20170116,179,105554,,,Daniel Evans,R,175.0,GBR,26.6529774127,51.0,886.0,105227,7.0,,Marin Cilic,R,198.0,CRO,28.301163586599998,7.0,3605.0,3-6 7-5 6-3 6-3,5,R64,177.0,5.0,7.0,143.0,84.0,58.0,30.0,20.0,16.0,19.0,14.0,4.0,110.0,63.0,44.0,24.0,19.0,8.0,14.0
219,2017-580,Australian Open,Hard,128,G,20170116,180,104792,6.0,,Gael Monfils,R,193.0,FRA,30.376454483200003,6.0,3625.0,105238,,,Alexandr Dolgopolov,R,180.0,UKR,28.191649555100003,69.0,715.0,6-3 6-4 1-6 6-0,5,R64,116.0,17.0,5.0,92.0,62.0,49.0,11.0,16.0,3.0,6.0,6.0,5.0,123.0,72.0,48.0,19.0,16.0,13.0,19.0
220,2017-580,Australian Open,Hard,128,G,20170116,181,104259,32.0,,Philipp Kohlschreiber,R,178.0,GER,33.253935660500005,33.0,1325.0,105385,,,Donald Young,L,183.0,USA,27.485284051999997,85.0,651.0,7-5 6-3 6-0,5,R64,111.0,3.0,3.0,77.0,43.0,33.0,23.0,14.0,4.0,5.0,5.0,2.0,93.0,62.0,30.0,15.0,13.0,5.0,12.0
221,2017-580,Australian Open,Hard,128,G,20170116,182,100644,24.0,,Alexander Zverev,R,,GER,19.742642026,24.0,1655.0,126207,,,Francis Tiafoe,R,,USA,18.9897330595,108.0,550.0,6-2 6-3 6-4,5,R64,116.0,9.0,6.0,99.0,55.0,41.0,26.0,14.0,5.0,5.0,4.0,2.0,83.0,55.0,34.0,16.0,13.0,4.0,8.0
222,2017-580,Australian Open,Hard,128,G,20170116,183,104745,9.0,,Rafael Nadal,L,185.0,ESP,30.6228610541,9.0,3195.0,104571,,,Marcos Baghdatis,R,183.0,CYP,31.5838466804,36.0,1210.0,6-3 6-1 6-3,5,R64,132.0,5.0,0.0,80.0,64.0,46.0,10.0,13.0,4.0,5.0,7.0,4.0,98.0,53.0,33.0,16.0,12.0,10.0,16.0
223,2017-580,Australian Open,Hard,128,G,20170116,184,105138,13.0,,Roberto Bautista Agut,R,,ESP,28.758384668,14.0,2350.0,106415,,,Yoshihito Nishioka,L,,JPN,21.3059548255,99.0,602.0,6-2 6-3 6-3,5,R64,129.0,9.0,1.0,77.0,63.0,41.0,6.0,13.0,6.0,10.0,2.0,3.0,118.0,71.0,35.0,19.0,13.0,12.0,21.0
224,2017-580,Australian Open,Hard,128,G,20170116,185,103970,21.0,,David Ferrer,R,175.0,ESP,34.7926078029,23.0,1740.0,124014,,,Ernesto Escobedo,R,,USA,20.5366187543,131.0,455.0,2-6 6-4 6-4 6-2,5,R64,166.0,6.0,7.0,141.0,84.0,58.0,30.0,18.0,11.0,13.0,7.0,3.0,121.0,68.0,48.0,27.0,18.0,10.0,14.0
225,2017-580,Australian Open,Hard,128,G,20170116,186,104468,25.0,,Gilles Simon,R,183.0,FRA,32.054757015700005,25.0,1585.0,104297,,,Rogerio Dutra Silva,R,178.0,BRA,32.9527720739,100.0,600.0,6-4 6-1 6-1,5,R64,96.0,3.0,5.0,67.0,47.0,41.0,10.0,12.0,2.0,2.0,1.0,3.0,81.0,50.0,29.0,13.0,12.0,5.0,11.0
226,2017-580,Australian Open,Hard,128,G,20170116,187,105683,3.0,,Milos Raonic,R,196.0,CAN,26.056125941100003,3.0,5290.0,104180,,,Gilles Muller,L,193.0,LUX,33.691991786399996,28.0,1415.0,6-3 6-4 7-6(4),5,R64,119.0,21.0,3.0,95.0,61.0,51.0,20.0,16.0,4.0,4.0,7.0,1.0,93.0,65.0,44.0,18.0,15.0,5.0,7.0
227,2017-580,Australian Open,Hard,128,G,20170116,188,106233,8.0,,Dominic Thiem,R,,AUT,23.370294319,8.0,3415.0,111442,,,Jordan Thompson,R,,AUS,22.7433264887,76.0,699.0,6-2 6-1 6-7(6) 6-4,5,R64,163.0,12.0,4.0,113.0,66.0,54.0,27.0,19.0,4.0,5.0,5.0,1.0,123.0,67.0,40.0,30.0,18.0,10.0,17.0
228,2017-580,Australian Open,Hard,128,G,20170116,189,105332,,,Benoit Paire,R,196.0,FRA,27.693360711799997,47.0,960.0,104926,,,Fabio Fognini,R,178.0,ITA,29.650924024600002,48.0,945.0,7-6(3) 4-6 6-3 3-6 6-3,5,R64,208.0,21.0,10.0,176.0,96.0,70.0,36.0,25.0,10.0,16.0,2.0,6.0,160.0,92.0,56.0,41.0,24.0,8.0,14.0
229,2017-580,Australian Open,Hard,128,G,20170116,190,103333,20.0,,Ivo Karlovic,R,208.0,CRO,37.8836413415,21.0,1795.0,106225,,,Andrew Whittington,R,,AUS,23.4332648871,194.0,289.0,6-4 6-4 6-4,5,R64,120.0,19.0,7.0,92.0,52.0,44.0,23.0,15.0,5.0,5.0,5.0,6.0,92.0,46.0,35.0,23.0,15.0,7.0,10.0
230,2017-580,Australian Open,Hard,128,G,20170116,191,105676,11.0,,David Goffin,R,163.0,BEL,26.1108829569,11.0,2750.0,103285,,,Radek Stepanek,R,185.0,CZE,38.1382614648,102.0,595.0,6-4 6-0 6-3,5,R64,104.0,7.0,4.0,80.0,44.0,32.0,23.0,13.0,4.0,5.0,3.0,9.0,79.0,46.0,27.0,12.0,12.0,6.0,13.0
231,2017-580,Australian Open,Hard,128,G,20170116,192,105777,15.0,,Grigor Dimitrov,R,188.0,BUL,25.6728268309,15.0,2135.0,111202,,,Hyeon Chung,R,,KOR,20.6625598905,105.0,583.0,1-6 6-4 6-4 6-4,5,R64,156.0,12.0,4.0,117.0,76.0,52.0,22.0,19.0,10.0,15.0,7.0,4.0,104.0,71.0,53.0,11.0,18.0,5.0,10.0
232,2017-580,Australian Open,Hard,128,G,20170116,193,104755,18.0,,Richard Gasquet,R,185.0,FRA,30.5817932923,18.0,1885.0,104122,,,Carlos Berlocq,R,183.0,ARG,33.9520876112,90.0,632.0,6-1 6-1 6-1,5,R64,105.0,2.0,5.0,71.0,39.0,29.0,21.0,11.0,2.0,2.0,2.0,1.0,72.0,38.0,20.0,11.0,10.0,6.0,13.0
233,2017-580,Australian Open,Hard,128,G,20170116,194,105807,30.0,,Pablo Carreno Busta,R,,ESP,25.5167693361,31.0,1370.0,106378,,,Kyle Edmund,R,,GBR,22.0232717317,46.0,989.0,6-2 6-4 6-2,5,R64,106.0,7.0,0.0,89.0,58.0,46.0,16.0,13.0,6.0,6.0,6.0,6.0,79.0,42.0,31.0,14.0,13.0,3.0,8.0
234,2017-580,Australian Open,Hard,128,G,20170116,195,104797,,,Denis Istomin,R,188.0,UZB,30.3600273785,117.0,498.0,104925,2.0,,Novak Djokovic,R,188.0,SRB,29.6563997262,2.0,11780.0,7-6(8) 5-7 2-6 7-6(5) 6-4,5,R64,288.0,17.0,3.0,194.0,134.0,94.0,27.0,27.0,9.0,15.0,14.0,9.0,185.0,107.0,77.0,43.0,27.0,10.0,14.0
235,2017-580,Australian Open,Hard,128,G,20170116,196,104918,1.0,,Andy Murray,R,190.0,GBR,29.6755646817,1.0,12560.0,105023,31.0,,Sam Querrey,R,198.0,USA,29.278576317600002,32.0,1355.0,6-4 6-2 6-4,5,R32,119.0,8.0,2.0,86.0,56.0,43.0,15.0,14.0,2.0,3.0,5.0,2.0,87.0,53.0,30.0,18.0,14.0,3.0,8.0
236,2017-580,Australian Open,Hard,128,G,20170116,197,104999,,,Mischa Zverev,L,190.0,GER,29.4045174538,50.0,894.0,104291,,,Malek Jaziri,R,185.0,TUN,32.9911019849,56.0,824.0,6-1 4-6 6-3 6-0,5,R32,141.0,7.0,3.0,88.0,52.0,37.0,20.0,16.0,1.0,4.0,4.0,6.0,123.0,69.0,42.0,19.0,16.0,12.0,21.0
237,2017-580,Australian Open,Hard,128,G,20170116,198,103819,17.0,,Roger Federer,R,185.0,SUI,35.4414784394,17.0,1980.0,104607,10.0,,Tomas Berdych,R,196.0,CZE,31.3319644079,10.0,3060.0,6-2 6-4 6-4,5,R32,90.0,8.0,2.0,70.0,41.0,39.0,17.0,14.0,0.0,0.0,13.0,3.0,81.0,51.0,43.0,9.0,14.0,1.0,5.0
238,2017-580,Australian Open,Hard,128,G,20170116,199,105453,5.0,,Kei Nishikori,R,178.0,JPN,27.0499657769,5.0,5010.0,105041,,,Lukas Lacko,R,185.0,SVK,29.2046543463,121.0,486.0,6-4 6-4 6-4,5,R32,131.0,5.0,3.0,76.0,46.0,38.0,20.0,15.0,1.0,2.0,12.0,1.0,106.0,60.0,46.0,15.0,15.0,5.0,9.0
239,2017-580,Australian Open,Hard,128,G,20170116,200,104527,4.0,,Stanislas Wawrinka,R,183.0,SUI,31.805612594099998,4.0,5155.0,104678,29.0,,Viktor Troicki,R,193.0,SRB,30.932238193000003,35.0,1225.0,3-6 6-2 6-2 7-6(7),5,R32,152.0,16.0,4.0,117.0,71.0,52.0,24.0,19.0,4.0,9.0,7.0,8.0,122.0,70.0,48.0,20.0,18.0,6.0,13.0
240,2017-580,Australian Open,Hard,128,G,20170116,201,104312,,,Andreas Seppi,R,190.0,ITA,32.9034907598,89.0,635.0,104327,,,Steve Darcis,R,178.0,BEL,32.845995893200005,71.0,707.0,4-6 6-4 7-6(1) 7-6(2),5,R32,187.0,11.0,5.0,131.0,72.0,60.0,31.0,22.0,3.0,7.0,8.0,4.0,131.0,74.0,55.0,28.0,22.0,2.0,6.0
241,2017-580,Australian Open,Hard,128,G,20170116,202,104542,12.0,,Jo Wilfried Tsonga,R,188.0,FRA,31.750855578400003,12.0,2505.0,106058,23.0,,Jack Sock,R,185.0,USA,24.3121149897,20.0,1810.0,7-6(4) 7-5 6-7(8) 6-3,5,R32,213.0,23.0,5.0,155.0,101.0,81.0,29.0,23.0,5.0,6.0,7.0,5.0,166.0,94.0,71.0,35.0,22.0,8.0,11.0
242,2017-580,Australian Open,Hard,128,G,20170116,203,105554,,,Daniel Evans,R,175.0,GBR,26.6529774127,51.0,886.0,106071,27.0,,Bernard Tomic,R,193.0,AUS,24.2381930185,27.0,1420.0,7-5 7-6(2) 7-6(3),5,R32,168.0,9.0,2.0,134.0,75.0,55.0,33.0,18.0,7.0,10.0,20.0,1.0,114.0,82.0,60.0,13.0,18.0,2.0,6.0
243,2017-580,Australian Open,Hard,128,G,20170116,204,104792,6.0,,Gael Monfils,R,193.0,FRA,30.376454483200003,6.0,3625.0,104259,32.0,,Philipp Kohlschreiber,R,178.0,GER,33.253935660500005,33.0,1325.0,6-3 7-6(1) 6-4,5,R32,115.0,8.0,4.0,97.0,68.0,52.0,11.0,16.0,3.0,6.0,3.0,2.0,80.0,52.0,36.0,14.0,15.0,1.0,6.0
244,2017-580,Australian Open,Hard,128,G,20170116,205,104745,9.0,,Rafael Nadal,L,185.0,ESP,30.6228610541,9.0,3195.0,100644,24.0,,Alexander Zverev,R,,GER,19.742642026,24.0,1655.0,4-6 6-3 6-7(5) 6-3 6-2,5,R32,245.0,11.0,4.0,150.0,113.0,82.0,23.0,24.0,5.0,7.0,19.0,11.0,172.0,108.0,77.0,27.0,24.0,11.0,16.0
245,2017-580,Australian Open,Hard,128,G,20170116,206,105138,13.0,,Roberto Bautista Agut,R,,ESP,28.758384668,14.0,2350.0,103970,21.0,,David Ferrer,R,175.0,ESP,34.7926078029,23.0,1740.0,7-5 6-7(6) 7-6(3) 6-4,5,R32,242.0,5.0,5.0,182.0,106.0,70.0,40.0,23.0,15.0,20.0,1.0,6.0,151.0,81.0,51.0,38.0,23.0,7.0,14.0
246,2017-580,Australian Open,Hard,128,G,20170116,207,105683,3.0,,Milos Raonic,R,196.0,CAN,26.056125941100003,3.0,5290.0,104468,25.0,,Gilles Simon,R,183.0,FRA,32.054757015700005,25.0,1585.0,6-2 7-6(5) 3-6 6-3,5,R32,154.0,21.0,3.0,112.0,74.0,53.0,23.0,19.0,3.0,6.0,0.0,3.0,109.0,83.0,58.0,10.0,19.0,2.0,7.0
247,2017-580,Australian Open,Hard,128,G,20170116,208,106233,8.0,,Dominic Thiem,R,,AUT,23.370294319,8.0,3415.0,105332,,,Benoit Paire,R,196.0,FRA,27.693360711799997,47.0,960.0,6-1 4-6 6-4 6-4,5,R32,143.0,10.0,3.0,128.0,85.0,53.0,25.0,19.0,12.0,17.0,10.0,9.0,110.0,52.0,41.0,19.0,18.0,3.0,11.0
248,2017-580,Australian Open,Hard,128,G,20170116,209,105676,11.0,,David Goffin,R,163.0,BEL,26.1108829569,11.0,2750.0,103333,20.0,,Ivo Karlovic,R,208.0,CRO,37.8836413415,21.0,1795.0,6-3 6-2 6-4,5,R32,87.0,3.0,3.0,66.0,39.0,37.0,19.0,14.0,0.0,0.0,25.0,3.0,78.0,58.0,42.0,7.0,13.0,3.0,7.0
249,2017-580,Australian Open,Hard,128,G,20170116,210,105777,15.0,,Grigor Dimitrov,R,188.0,BUL,25.6728268309,15.0,2135.0,104755,18.0,,Richard Gasquet,R,185.0,FRA,30.5817932923,18.0,1885.0,6-3 6-2 6-4,5,R32,122.0,11.0,4.0,95.0,69.0,57.0,9.0,14.0,6.0,7.0,3.0,4.0,82.0,49.0,28.0,16.0,13.0,4.0,9.0
250,2017-580,Australian Open,Hard,128,G,20170116,211,104797,,,Denis Istomin,R,188.0,UZB,30.3600273785,117.0,498.0,105807,30.0,,Pablo Carreno Busta,R,,ESP,25.5167693361,31.0,1370.0,6-4 4-6 6-4 4-6 6-2,5,R32,207.0,16.0,2.0,141.0,93.0,70.0,27.0,24.0,9.0,12.0,5.0,5.0,151.0,86.0,59.0,34.0,24.0,2.0,7.0
251,2017-580,Australian Open,Hard,128,G,20170116,212,104999,,,Mischa Zverev,L,190.0,GER,29.4045174538,50.0,894.0,104918,1.0,,Andy Murray,R,190.0,GBR,29.6755646817,1.0,12560.0,7-5 5-7 6-2 6-4,5,R16,213.0,7.0,2.0,137.0,91.0,60.0,21.0,21.0,8.0,13.0,10.0,6.0,145.0,95.0,62.0,18.0,21.0,9.0,17.0
252,2017-580,Australian Open,Hard,128,G,20170116,213,103819,17.0,,Roger Federer,R,185.0,SUI,35.4414784394,17.0,1980.0,105453,5.0,,Kei Nishikori,R,178.0,JPN,27.0499657769,5.0,5010.0,6-7(4) 6-4 6-1 4-6 6-3,5,R16,203.0,24.0,6.0,148.0,100.0,80.0,23.0,24.0,7.0,10.0,5.0,5.0,164.0,107.0,73.0,24.0,24.0,11.0,18.0
253,2017-580,Australian Open,Hard,128,G,20170116,214,104527,4.0,,Stanislas Wawrinka,R,183.0,SUI,31.805612594099998,4.0,5155.0,104312,,,Andreas Seppi,R,190.0,ITA,32.9034907598,89.0,635.0,7-6(2) 7-6(4) 7-6(4),5,R16,163.0,17.0,2.0,117.0,66.0,53.0,34.0,18.0,2.0,4.0,12.0,3.0,136.0,84.0,62.0,26.0,18.0,7.0,9.0
254,2017-580,Australian Open,Hard,128,G,20170116,215,104542,12.0,,Jo Wilfried Tsonga,R,188.0,FRA,31.750855578400003,12.0,2505.0,105554,,,Daniel Evans,R,175.0,GBR,26.6529774127,51.0,886.0,6-7(4) 6-2 6-4 6-4,5,R16,173.0,17.0,2.0,122.0,81.0,66.0,25.0,20.0,4.0,4.0,8.0,11.0,143.0,100.0,73.0,16.0,20.0,10.0,14.0
255,2017-580,Australian Open,Hard,128,G,20170116,216,104745,9.0,,Rafael Nadal,L,185.0,ESP,30.6228610541,9.0,3195.0,104792,6.0,,Gael Monfils,R,193.0,FRA,30.376454483200003,6.0,3625.0,6-3 6-3 4-6 6-4,5,R16,175.0,2.0,1.0,101.0,74.0,53.0,17.0,19.0,3.0,6.0,15.0,10.0,130.0,76.0,50.0,24.0,19.0,11.0,17.0
256,2017-580,Australian Open,Hard,128,G,20170116,217,105683,3.0,,Milos Raonic,R,196.0,CAN,26.056125941100003,3.0,5290.0,105138,13.0,,Roberto Bautista Agut,R,,ESP,28.758384668,14.0,2350.0,7-6(6) 3-6 6-4 6-1,5,R16,171.0,33.0,9.0,113.0,73.0,59.0,19.0,19.0,7.0,10.0,9.0,4.0,127.0,88.0,56.0,21.0,19.0,11.0,16.0
257,2017-580,Australian Open,Hard,128,G,20170116,218,105676,11.0,,David Goffin,R,163.0,BEL,26.1108829569,11.0,2750.0,106233,8.0,,Dominic Thiem,R,,AUT,23.370294319,8.0,3415.0,5-7 7-6(4) 6-2 6-2,5,R16,163.0,15.0,2.0,125.0,70.0,51.0,33.0,20.0,3.0,6.0,13.0,5.0,128.0,77.0,53.0,23.0,20.0,9.0,15.0
258,2017-580,Australian Open,Hard,128,G,20170116,219,105777,15.0,,Grigor Dimitrov,R,188.0,BUL,25.6728268309,15.0,2135.0,104797,,,Denis Istomin,R,188.0,UZB,30.3600273785,117.0,498.0,2-6 7-6(2) 6-2 6-1,5,R16,144.0,7.0,1.0,98.0,72.0,58.0,16.0,18.0,5.0,7.0,14.0,1.0,104.0,73.0,48.0,14.0,17.0,3.0,7.0
259,2017-580,Australian Open,Hard,128,G,20170116,220,103819,17.0,,Roger Federer,R,185.0,SUI,35.4414784394,17.0,1980.0,104999,,,Mischa Zverev,L,190.0,GER,29.4045174538,50.0,894.0,6-1 7-5 6-2,5,QF,92.0,9.0,1.0,79.0,54.0,37.0,17.0,14.0,1.0,2.0,5.0,0.0,97.0,72.0,38.0,13.0,13.0,9.0,15.0
260,2017-580,Australian Open,Hard,128,G,20170116,221,104527,4.0,,Stanislas Wawrinka,R,183.0,SUI,31.805612594099998,4.0,5155.0,104542,12.0,,Jo Wilfried Tsonga,R,188.0,FRA,31.750855578400003,12.0,2505.0,7-6(2) 6-4 6-3,5,QF,134.0,4.0,2.0,107.0,58.0,41.0,32.0,16.0,5.0,6.0,7.0,3.0,86.0,46.0,34.0,17.0,15.0,0.0,3.0
261,2017-580,Australian Open,Hard,128,G,20170116,222,104745,9.0,,Rafael Nadal,L,185.0,ESP,30.6228610541,9.0,3195.0,105683,3.0,,Milos Raonic,R,196.0,CAN,26.056125941100003,3.0,5290.0,6-4 7-6(7) 6-4,5,QF,164.0,4.0,4.0,105.0,76.0,63.0,15.0,16.0,4.0,4.0,14.0,2.0,107.0,71.0,48.0,20.0,16.0,1.0,3.0
262,2017-580,Australian Open,Hard,128,G,20170116,223,105777,15.0,,Grigor Dimitrov,R,188.0,BUL,25.6728268309,15.0,2135.0,105676,11.0,,David Goffin,R,163.0,BEL,26.1108829569,11.0,2750.0,6-3 6-2 6-4,5,QF,132.0,8.0,4.0,96.0,61.0,46.0,15.0,14.0,8.0,10.0,6.0,3.0,94.0,44.0,30.0,19.0,13.0,9.0,15.0
263,2017-580,Australian Open,Hard,128,G,20170116,224,103819,17.0,,Roger Federer,R,185.0,SUI,35.4414784394,17.0,1980.0,104527,4.0,,Stanislas Wawrinka,R,183.0,SUI,31.805612594099998,4.0,5155.0,7-5 6-3 1-6 4-6 6-3,5,SF,184.0,11.0,3.0,143.0,86.0,62.0,33.0,24.0,8.0,12.0,10.0,2.0,135.0,89.0,56.0,32.0,23.0,5.0,9.0
264,2017-580,Australian Open,Hard,128,G,20170116,225,104745,9.0,,Rafael Nadal,L,185.0,ESP,30.6228610541,9.0,3195.0,105777,15.0,,Grigor Dimitrov,R,188.0,BUL,25.6728268309,15.0,2135.0,6-3 5-7 7-6(5) 6-7(4) 6-4,5,SF,296.0,8.0,3.0,184.0,135.0,93.0,27.0,28.0,12.0,16.0,20.0,5.0,181.0,124.0,87.0,28.0,27.0,8.0,13.0
265,2017-580,Australian Open,Hard,128,G,20170116,226,103819,17.0,,Roger Federer,R,185.0,SUI,35.4414784394,17.0,1980.0,104745,9.0,,Rafael Nadal,L,185.0,ESP,30.6228610541,9.0,3195.0,6-4 3-6 6-1 3-6 6-3,5,F,217.0,20.0,3.0,138.0,85.0,65.0,26.0,22.0,13.0,17.0,4.0,3.0,151.0,110.0,69.0,23.0,22.0,14.0,20.0
